,Metabolite,Pvalues,Standardized_Difference_Control_minus_Heated,Actual_Difference_Control_minus_Heated,Control,Heated,ratio,significance.names(splitnn),Pvalues,stars
1,Cer(d18:0/16:0).M,0.273913976,5.87E-01,1.88E+05,690401.91,502470.45,1.374015,Cer(d18:0/16:0).M,0.273913976,NA
2,Cer(d18:1/16:0).M,0.3325347,5.42E-01,1.28E+05,478127.64,349950.93,1.3662705,Cer(d18:1/16:0).M,0.3325347,NA
3,CoQ10.M,0.206878048,8.22E-01,3.76E+05,2082696.23,1706264.41,1.2206175,CoQ10.M,0.206878048,NA
4,CoQ8.M,0.151618873,1.01E+00,2.18E+05,681446.14,463499.75,1.470219,CoQ8.M,0.151618873,NA
5,CoQ9.M,0.098543625,9.97E-01,3.09E+05,819440.69,510695.68,1.6045577,CoQ9.M,0.098543625,NA
6,DG(16:0/17:0/0:0).M,0.560477722,-2.80E-01,-3.73E+04,292621.25,329960.27,0.8868378,DG(16:0/17:0/0:0).M,0.560477722,NA
7,DG(16:0/18:1/0:0).M,0.144799323,6.83E-01,1.74E+05,824187.15,650097.59,1.2677899,DG(16:0/18:1/0:0).M,0.144799323,NA
8,DG(16:0/18:2/0:0).M,0.036385509,1.25E+00,3.74E+05,788812.59,414855.18,1.9014168,DG(16:0/18:2/0:0).M,0.036385509,*
9,DG(16:1/18:1/0:0)_A.M,0.036385509,1.25E+00,3.74E+05,788812.59,414855.18,1.9014168,DG(16:1/18:1/0:0)_A.M,0.036385509,*
10,DG(16:1/18:1/0:0)_B.M,0.057190832,1.07E+00,1.38E+05,455096.21,317457.55,1.4335655,DG(16:1/18:1/0:0)_B.M,0.057190832,NA
11,DG(17:0/0:0/17:0).M,0.723772063,1.95E-01,1.49E+04,255497.02,240616.66,1.0618426,DG(17:0/0:0/17:0).M,0.723772063,NA
12,DG(18:1/0:0/18:1).M,0.288138586,5.50E-01,4.68E+05,2008888.1,1541147.8,1.3035013,DG(18:1/0:0/18:1).M,0.288138586,NA
13,DG(18:1/18:2/0:0).M,0.066424584,8.95E-01,3.20E+05,1082435.55,762415.38,1.4197452,DG(18:1/18:2/0:0).M,0.066424584,NA
14,DG(18:2/0:0/18:2).M,0.006313595,1.40E+00,3.63E+05,856624.23,493335.94,1.7363913,DG(18:2/0:0/18:2).M,0.006313595,**
15,DGDG(14:0/18:1);DGDG(15:0/17:1).M,0.934318762,-3.90E-02,-1.03E+04,815625.02,825938.07,0.9875135,DGDG(14:0/18:1);DGDG(15:0/17:1).M,0.934318762,NA
16,DGDG(15:0/15:0).M,0.50460898,-3.01E-01,-4.74E+04,375890.64,423328.47,0.8879409,DGDG(15:0/15:0).M,0.50460898,NA
17,DGDG(15:0/16:1).M,0.773096117,1.60E-01,1.50E+04,250710.59,235718.53,1.0636015,DGDG(15:0/16:1).M,0.773096117,NA
18,DGDG(15:0/17:0).M,0.168141808,-6.37E-01,-2.48E+05,717704.49,965334.86,0.7434772,DGDG(15:0/17:0).M,0.168141808,NA
19,DGDG(15:0/18:1).M,0.331614096,-4.57E-01,-7.09E+04,306879.24,377752.21,0.8123824,DGDG(15:0/18:1).M,0.331614096,NA
20,DGDG(15:0/19:1).M,0.051489244,-8.45E-01,-1.99E+05,354790.4,553387.54,0.6411247,DGDG(15:0/19:1).M,0.051489244,NA
21,DGDG(18:1/18:1).M,0.002444773,1.61E+00,1.86E+05,424250.14,237910.15,1.7832368,DGDG(18:1/18:1).M,0.002444773,**
22,DGDG(18:1/19:1).M,0.002000392,1.47E+00,1.41E+05,306643.29,165322.69,1.8548167,DGDG(18:1/19:1).M,0.002000392,**
23,DGDG(19:1/19:1).M,0.040599069,1.04E+00,1.50E+06,5448681.25,3951662.94,1.3788325,DGDG(19:1/19:1).M,0.040599069,*
24,DGTSA(14:0/18:3).M,0.001143276,1.80E+00,6.03E+04,76696.43,16374.64,4.6838555,DGTSA(14:0/18:3).M,0.001143276,**
25,DGTSA(15:0/17:0).M,0.614167731,2.85E-01,5.99E+04,698969.64,639110.83,1.0936595,DGTSA(15:0/17:0).M,0.614167731,NA
26,DGTSA(16:0/16:1)_A.M,0.543341829,3.61E-01,1.44E+05,1133263.95,989656.06,1.1451089,DGTSA(16:0/16:1)_A.M,0.543341829,NA
27,DGTSA(16:0/16:1)_B.M,0.147669805,8.21E-01,1.66E+06,6228127.42,4564079.25,1.3645967,DGTSA(16:0/16:1)_B.M,0.147669805,NA
28,DGTSA(16:0/16:2).M,0.019510071,1.33E+00,4.84E+04,101805.74,53401.14,1.9064339,DGTSA(16:0/16:2).M,0.019510071,*
29,DGTSA(16:0/18:1).M,0.176549194,7.57E-01,9.45E+05,3934657.46,2989672.6,1.3160831,DGTSA(16:0/18:1).M,0.176549194,NA
30,DGTSA(16:0/18:2).M,0.841795002,1.10E-01,5.21E+05,7954689.89,7433457.6,1.0701198,DGTSA(16:0/18:2).M,0.841795002,NA
31,DGTSA(16:0/18:3)_A.M,0.015368116,1.34E+00,2.30E+05,370091.01,139619.78,2.6507061,DGTSA(16:0/18:3)_A.M,0.015368116,*
32,DGTSA(16:0/18:3)_B.M,0.341888679,6.83E-01,1.01E+06,1202091.88,190157.49,6.3215595,DGTSA(16:0/18:3)_B.M,0.341888679,NA
33,DGTSA(16:0/18:4).M,0.456927851,4.89E-01,5.64E+04,132424.86,76049.49,1.7412984,DGTSA(16:0/18:4).M,0.456927851,NA
34,DGTSA(16:0/19:1);DGTSA(16:1/19:0).M,0.2789274,6.09E-01,1.37E+05,670133.64,532821.35,1.2577079,DGTSA(16:0/19:1);DGTSA(16:1/19:0).M,0.2789274,NA
35,DGTSA(16:1/16:1).M,0.040919644,1.21E+00,6.91E+05,1752674.48,1061986.05,1.6503743,DGTSA(16:1/16:1).M,0.040919644,*
36,DGTSA(16:1/18:1)_A.M,0.040244604,1.26E+00,8.83E+05,2105736.23,1222700.02,1.7222018,DGTSA(16:1/18:1)_A.M,0.040244604,*
37,DGTSA(16:1/18:1)_B.M,0.158803644,6.73E-01,1.63E+05,511331.92,348345.89,1.4678856,DGTSA(16:1/18:1)_B.M,0.158803644,NA
38,DGTSA(16:1/18:2).M,0.256510414,7.65E-01,2.83E+05,512037,228781.28,2.2381071,DGTSA(16:1/18:2).M,0.256510414,NA
39,DGTSA(17:0/17:0).M,0.369990872,5.30E-01,3.66E+05,2097422.31,1731370.31,1.2114233,DGTSA(17:0/17:0).M,0.369990872,NA
40,DGTSA(17:0/19:0).M,0.89852221,6.79E-02,3.39E+04,1237889.32,1203960.91,1.0281807,DGTSA(17:0/19:0).M,0.89852221,NA
41,DGTSA(18:0/18:1).M,0.295234454,7.06E-01,2.19E+05,853427.84,633952.21,1.3462022,DGTSA(18:0/18:1).M,0.295234454,NA
42,DGTSA(18:0/18:2);DGTSA(18:1/18:1).M,0.253804615,7.09E-01,6.02E+05,1507512.42,905288.43,1.6652289,DGTSA(18:0/18:2);DGTSA(18:1/18:1).M,0.253804615,NA
43,DGTSA(18:1/18:1).M,0.675144307,2.98E-01,8.13E+05,7680510.83,6867575.85,1.1183729,DGTSA(18:1/18:1).M,0.675144307,NA
44,DGTSA(18:1/18:2).M,0.142198025,8.93E-01,5.82E+05,1242488.37,660312.74,1.8816665,DGTSA(18:1/18:2).M,0.142198025,NA
45,DGTSA(35:0).M,0.777422444,-1.59E-01,-9.37E+04,1410211.92,1503891.09,0.9377088,DGTSA(35:0).M,0.777422444,NA
46,HexCer(d18:2/16:1)_A.M,0.253296872,7.01E-01,8.98E+04,412742.09,322893.1,1.2782623,HexCer(d18:2/16:1)_A.M,0.253296872,NA
47,HexCer(d18:2/16:1)_B.M,0.591968663,3.08E-01,2.12E+04,234337.98,213090.52,1.099711,HexCer(d18:2/16:1)_B.M,0.591968663,NA
48,HexCer(d18:2/18:1).M,0.783258272,-1.48E-01,-3.15E+04,226220.25,257701.48,0.8778384,HexCer(d18:2/18:1).M,0.783258272,NA
49,HexCer(d34:3).M,0.051713028,1.19E+00,3.14E+05,561889.23,247490.67,2.2703451,HexCer(d34:3).M,0.051713028,NA
50,PC(0:0/18:1).M,0.540573598,3.73E-01,7.58E+04,271827.54,196052.92,1.3865008,PC(0:0/18:1).M,0.540573598,NA
51,PC(15:0/16:1).M,0.510951509,3.71E-01,1.15E+05,692816.19,577547.05,1.199584,PC(15:0/16:1).M,0.510951509,NA
52,PC(16:0/18:2).M,0.071698107,1.11E+00,1.20E+06,2651229.79,1451848.18,1.8261068,PC(16:0/18:2).M,0.071698107,NA
53,PC(16:1/16:1).M,0.249291216,7.25E-01,2.36E+05,762733.05,527098.52,1.4470408,PC(16:1/16:1).M,0.249291216,NA
54,PC(16:1/18:1).M,0.241029936,7.25E-01,1.07E+06,3757349.62,2691130.9,1.3961973,PC(16:1/18:1).M,0.241029936,NA
55,PC(17:1/19:1).M,0.677306497,2.38E-01,1.29E+06,12688585.17,11394615.7,1.1135597,PC(17:1/19:1).M,0.677306497,NA
56,PC(18:1/18:1)_A.M,0.59544405,2.40E-01,5.13E+04,475027.32,423734.39,1.1210497,PC(18:1/18:1)_A.M,0.59544405,NA
57,PC(18:1/18:1)_B.M,0.740356315,1.58E-01,1.99E+04,237711.56,217766.19,1.0915908,PC(18:1/18:1)_B.M,0.740356315,NA
58,PC(18:1/18:2)_A.M,0.121455919,1.04E+00,1.36E+06,2695473.44,1338422.43,2.0139183,PC(18:1/18:2)_A.M,0.121455919,NA
59,PC(18:1/18:2)_B.M,0.423717505,-3.42E-01,-1.07E+06,3069072.92,4142045.2,0.7409559,PC(18:1/18:2)_B.M,0.423717505,NA
60,PC(18:1/19:1).M,0.166399089,7.17E-01,2.01E+06,8024640.25,6010146.03,1.3351822,PC(18:1/19:1).M,0.166399089,NA
61,PC(18:1/20:4).M,0.147062092,9.13E-01,1.48E+05,428652.48,281109.33,1.5248604,PC(18:1/20:4).M,0.147062092,NA
62,PC(18:2/18:2).M,0.01616389,1.43E+00,2.59E+06,4347995.92,1757896.96,2.4734077,PC(18:2/18:2).M,0.01616389,*
63,PC(19:1/0:0).M,0.982903517,-1.14E-02,-3.04E+03,290281.62,293322.88,0.9896317,PC(19:1/0:0).M,0.982903517,NA
64,PC(19:1/19:1).M,0.585805237,2.76E-01,3.34E+06,38966666.67,35630000,1.0936477,PC(19:1/19:1).M,0.585805237,NA
65,PC(20:4/20:4).M,0.591485775,3.32E-01,2.63E+04,186091.48,159829.23,1.1643144,PC(20:4/20:4).M,0.591485775,NA
66,PE(13:0/15:0).M,0.430415971,4.57E-01,1.30E+05,411832.28,281535.14,1.4628095,PE(13:0/15:0).M,0.430415971,NA
67,PE(14:0/16:1);PE(15:0/15:1)_A.M,0.978408355,1.45E-02,1.54E+04,1442097.22,1426665.6,1.0108166,PE(14:0/16:1);PE(15:0/15:1)_A.M,0.978408355,NA
68,PE(14:0/16:1);PE(15:0/15:1)_B.M,0.586120355,2.88E-01,2.98E+05,1406663.6,1108775.3,1.2686643,PE(14:0/16:1);PE(15:0/15:1)_B.M,0.586120355,NA
69,PE(14:1/15:0);PE(13:0/16:1).M,0.51578269,3.75E-01,5.85E+04,223083.85,164629.74,1.3550641,PE(14:1/15:0);PE(13:0/16:1).M,0.51578269,NA
70,PE(15:0/15:0).M,0.762784953,-1.57E-01,-2.79E+05,3273296.65,3552257.51,0.9214694,PE(15:0/15:0).M,0.762784953,NA
71,PE(15:0/16:0).M,0.331546268,5.64E-01,4.66E+05,1490626.84,1024426.68,1.455084,PE(15:0/16:0).M,0.331546268,NA
72,PE(15:0/16:1)_A.M,0.488226429,3.83E-01,2.31E+06,10883583.08,8574937.82,1.2692317,PE(15:0/16:1)_A.M,0.488226429,NA
73,PE(15:0/16:1)_B.M,0.362751875,4.65E-01,3.13E+05,1190394.79,877588.91,1.3564378,PE(15:0/16:1)_B.M,0.362751875,NA
74,PE(15:0/17:0).M,0.910455931,5.64E-02,1.39E+05,3486328.92,3347583.08,1.0414466,PE(15:0/17:0).M,0.910455931,NA
75,PE(15:0/17:1).M,0.843353292,1.05E-01,3.87E+05,5898201.71,5510919.45,1.0702754,PE(15:0/17:1).M,0.843353292,NA
76,PE(15:0/17:1);PE(16:0/16:1).M,0.358478865,5.28E-01,1.42E+06,4783727.83,3361228.99,1.423208,PE(15:0/17:1);PE(16:0/16:1).M,0.358478865,NA
77,PE(15:0/18:0);PE(16:0/17:0).M,0.521071273,-3.19E-01,-3.11E+05,757731.75,1068858.87,0.7089166,PE(15:0/18:0);PE(16:0/17:0).M,0.521071273,NA
78,PE(15:1/16:1)_A.M,0.561243789,3.49E-01,9.45E+04,454104.89,359622.33,1.2627272,PE(15:1/16:1)_A.M,0.561243789,NA
79,PE(15:1/16:1)_B.M,0.204538807,7.52E-01,1.45E+05,323088.67,178309.46,1.8119547,PE(15:1/16:1)_B.M,0.204538807,NA
80,PE(15:1/17:1).M,0.970967058,2.24E-02,1.37E+04,831730.86,818042.93,1.0167325,PE(15:1/17:1).M,0.970967058,NA
81,PE(16:0/17:0).M,0.891634418,-7.41E-02,-3.87E+04,746681.06,785429.21,0.9506663,PE(16:0/17:0).M,0.891634418,NA
82,PE(16:0/17:1).M,0.470046013,4.39E-01,1.29E+06,4432957.12,3147135.88,1.4085687,PE(16:0/17:1).M,0.470046013,NA
83,PE(16:0/18:1);PE(15:0/19:1).M,0.254128419,6.36E-01,1.03E+06,3295706.96,2268454.21,1.4528426,PE(16:0/18:1);PE(15:0/19:1).M,0.254128419,NA
84,PE(16:0/18:2);PE(16:1/18:1).M,0.093851897,8.85E-01,1.35E+06,2962294.71,1616199.93,1.8328764,PE(16:0/18:2);PE(16:1/18:1).M,0.093851897,NA
85,PE(16:0/19:1).M,0.90040345,6.62E-02,1.04E+05,2456710.79,2352527.35,1.0442858,PE(16:0/19:1).M,0.90040345,NA
86,PE(16:1/16:1).M,0.283305999,6.15E-01,2.11E+06,6803458.83,4692029.35,1.4500035,PE(16:1/16:1).M,0.283305999,NA
87,PE(16:1/17:0);PE(15:0/18:1).M,0.33421406,5.71E-01,1.57E+06,5121815.88,3553078.16,1.4415151,PE(16:1/17:0);PE(15:0/18:1).M,0.33421406,NA
88,PE(16:1/17:1)_A.M,0.501412594,3.78E-01,5.55E+05,2635107.71,2079875.54,1.2669545,PE(16:1/17:1)_A.M,0.501412594,NA
89,PE(16:1/17:1)_B.M,0.297084576,5.99E-01,4.20E+05,1209894.31,789771.13,1.5319556,PE(16:1/17:1)_B.M,0.297084576,NA
90,PE(16:1/18:1).M,0.290517424,6.77E-01,2.56E+06,6434936.46,3872335.84,1.6617713,PE(16:1/18:1).M,0.290517424,NA
91,PE(16:1/18:2).M,0.126662805,8.44E-01,1.02E+05,258976.38,156567.88,1.6540838,PE(16:1/18:2).M,0.126662805,NA
92,PE(16:1/19:1)_B.M,0.545592541,3.38E-01,1.14E+05,637764.83,523419.73,1.2184578,PE(16:1/19:1)_B.M,0.545592541,NA
93,PE(17:0/17:0).M,0.864481058,8.77E-02,1.07E+05,2088951.17,1982379.51,1.0537595,PE(17:0/17:0).M,0.864481058,NA
94,PE(17:0/18:1).M,0.955918137,-2.78E-02,-4.12E+04,1886591.45,1927768.25,0.9786402,PE(17:0/18:1).M,0.955918137,NA
95,PE(17:1/17:1).M,0.740549844,1.73E-01,9.52E+04,999224.38,904026.96,1.1053037,PE(17:1/17:1).M,0.740549844,NA
96,PE(17:1/18:1);PE(16:1/19:1)_A.M,0.561042042,3.59E-01,3.92E+05,1713835.53,1322037.88,1.2963589,PE(17:1/18:1);PE(16:1/19:1)_A.M,0.561042042,NA
97,PE(17:1/19:1).M,0.341758317,6.11E-01,1.88E+06,4972998.21,3088522.45,1.6101545,PE(17:1/19:1).M,0.341758317,NA
98,PE(18:1/18:1).M,0.645981584,2.37E-01,1.83E+06,11758351.75,9929075,1.1842344,PE(18:1/18:1).M,0.645981584,NA
99,PE(18:1/18:2)_A.M,0.200866627,7.44E-01,1.00E+06,2052559.26,1047898.92,1.9587378,PE(18:1/18:2)_A.M,0.200866627,NA
100,PE(18:1/18:2)_B.M,0.376700298,-3.88E-01,-1.66E+06,2667948.86,4331397.69,0.6159556,PE(18:1/18:2)_B.M,0.376700298,NA
101,PE(18:1/19:1)_A.M,0.51851327,3.36E-01,4.76E+05,2149760.43,1673345.06,1.2847084,PE(18:1/19:1)_A.M,0.51851327,NA
102,PE(18:1/19:1)_B.M,0.518934452,3.52E-01,1.01E+06,5242309.29,4227928.84,1.2399237,PE(18:1/19:1)_B.M,0.518934452,NA
103,PE(18:2/18:2).M,0.172372746,6.61E-01,7.88E+05,2223335.24,1435345.38,1.5489897,PE(18:2/18:2).M,0.172372746,NA
104,PE(19:1/19:1).M,0.917509158,5.09E-02,1.31E+05,4004403.44,3873405.29,1.0338199,PE(19:1/19:1).M,0.917509158,NA
105,PE(35:2).M,0.134842576,7.92E-01,1.78E+06,4440856.5,2663576.14,1.6672534,PE(35:2).M,0.134842576,NA
106,PE(36:1).M,0.651686245,2.23E-01,1.35E+05,964168.11,829367.2,1.1625347,PE(36:1).M,0.651686245,NA
107,PE(O-15:0/15:0).M,0.978834779,1.51E-02,2.61E+04,2241152.05,2215012.41,1.0118011,PE(O-15:0/15:0).M,0.978834779,NA
108,PE(O-15:0/15:1)_A.M,0.759840092,1.91E-01,2.48E+05,1895088.15,1646959.03,1.1506589,PE(O-15:0/15:1)_A.M,0.759840092,NA
109,PE(O-15:0/15:1)_B.M,0.625400588,3.17E-01,5.27E+05,2169771.31,1642568.97,1.3209621,PE(O-15:0/15:1)_B.M,0.625400588,NA
110,PE(O-16:0/15:1).M,0.623062062,3.19E-01,1.28E+05,599571.43,472021.76,1.2702199,PE(O-16:0/15:1).M,0.623062062,NA
111,PE(O-17:0/17:0).M,0.506034949,-3.40E-01,-5.51E+05,1612752.45,2163806.88,0.745331,PE(O-17:0/17:0).M,0.506034949,NA
112,PE(P-16:0/16:1).M,0.582547317,2.73E-01,2.33E+05,1217880.45,984959.77,1.2364773,PE(P-16:0/16:1).M,0.582547317,NA
113,PG(15:0/15:0).M,0.247169034,7.01E-01,1.85E+05,396382.16,210998.15,1.8786049,PG(15:0/15:0).M,0.247169034,NA
114,PG(15:0/16:0)_A.M,0.386014175,4.72E-01,7.71E+04,241366.82,164265.92,1.4693664,PG(15:0/16:0)_A.M,0.386014175,NA
115,PG(15:0/16:0)_B.M,0.563739176,3.24E-01,2.15E+05,936556.14,721292.36,1.2984418,PG(15:0/16:0)_B.M,0.563739176,NA
116,PG(15:0/16:1)_A.M,0.222754427,7.26E-01,2.23E+05,441451.49,218470.69,2.020644,PG(15:0/16:1)_A.M,0.222754427,NA
117,PG(15:0/16:1)_B.M,0.156844135,8.61E-01,1.81E+05,305312.49,124424.07,2.4538056,PG(15:0/16:1)_B.M,0.156844135,NA
118,PG(15:0/17:0).M,0.541215138,3.09E-01,1.05E+05,482072.99,377539.05,1.2768825,PG(15:0/17:0).M,0.541215138,NA
119,PG(15:0/17:1).M,0.387711574,4.79E-01,1.31E+05,360320.37,229803.26,1.5679515,PG(15:0/17:1).M,0.387711574,NA
120,PG(15:0/18:1);PG(16:1/17:0).M,0.22954808,6.80E-01,2.87E+05,601269.65,314498.68,1.9118352,PG(15:0/18:1);PG(16:1/17:0).M,0.22954808,NA
121,PG(16:0/16:0).M,0.42941055,4.38E-01,8.63E+04,254970.94,168658.98,1.5117543,PG(16:0/16:0).M,0.42941055,NA
122,PG(16:0/16:1).M,0.376256679,4.84E-01,3.56E+05,930698.68,574492.55,1.6200361,PG(16:0/16:1).M,0.376256679,NA
123,PG(16:0/17:0).M,0.37058917,5.26E-01,6.83E+04,180315.69,112058.11,1.6091266,PG(16:0/17:0).M,0.37058917,NA
124,PG(16:0/17:1).M,0.242960892,7.04E-01,2.00E+05,409724.92,209477.89,1.9559339,PG(16:0/17:1).M,0.242960892,NA
125,PG(16:0/18:1);PG(16:1/18:0).M,0.589046434,2.71E-01,4.49E+05,1880961.15,1431986.69,1.3135326,PG(16:0/18:1);PG(16:1/18:0).M,0.589046434,NA
126,PG(16:0/19:1).M,0.747199249,1.58E-01,7.64E+04,604274.82,527853.26,1.144778,PG(16:0/19:1).M,0.747199249,NA
127,PG(16:1/16:1).M,0.206076401,7.35E-01,2.11E+05,389724.37,178647.4,2.1815283,PG(16:1/16:1).M,0.206076401,NA
128,PG(16:1/18:1).M,0.313856,5.65E-01,2.21E+05,543667.71,322686.11,1.6848191,PG(16:1/18:1).M,0.313856,NA
129,PG(16:1/19:1);PG(17:1/18:1).M,0.253983469,6.35E-01,8.95E+04,202377.52,112865.41,1.7930872,PG(16:1/19:1);PG(17:1/18:1).M,0.253983469,NA
130,PG(17:0/17:0).M,0.385020815,4.89E-01,1.49E+05,442159.94,292748.23,1.5103761,PG(17:0/17:0).M,0.385020815,NA
131,PG(17:0/17:1).M,0.392727275,4.87E-01,7.63E+04,206987.98,130725.38,1.5833802,PG(17:0/17:1).M,0.392727275,NA
132,PG(17:1/19:1).M,0.195370019,7.69E-01,1.37E+05,276240.21,139672.2,1.9777751,PG(17:1/19:1).M,0.195370019,NA
133,PG(18:0/18:1).M,0.650137087,2.12E-01,4.99E+04,292973.8,243080.94,1.2052521,PG(18:0/18:1).M,0.650137087,NA
134,PG(18:1/18:1).M,0.95870548,2.40E-02,4.24E+04,1850550.27,1808139.44,1.0234555,PG(18:1/18:1).M,0.95870548,NA
135,PG(18:1/19:1).M,0.349669558,4.87E-01,2.13E+05,586243.98,372818.94,1.572463,PG(18:1/19:1).M,0.349669558,NA
136,PG(19:1/19:1).M,0.545987562,3.10E-01,1.60E+05,636942.29,477221.05,1.3346902,PG(19:1/19:1).M,0.545987562,NA
137,PI(15:0/15:0).M,0.223927118,8.28E-01,2.58E+05,392140.35,134479.3,2.9159903,PI(15:0/15:0).M,0.223927118,NA
138,PI(16:0/17:0).M,0.624615828,2.88E-01,2.31E+04,74118.75,51067.5,1.4513878,PI(16:0/17:0).M,0.624615828,NA
139,TG(46:2).M,0.001660737,1.50E+00,3.03E+05,778455.67,475936.21,1.6356303,TG(46:2).M,0.001660737,**
140,TG(46:3).M,0.04100006,1.32E+00,2.02E+05,422311.04,220559.23,1.9147285,TG(46:3).M,0.04100006,*
141,TG(47:1).M,0.483442635,4.74E-01,8.35E+04,478552.6,395074.9,1.2112959,TG(47:1).M,0.483442635,NA
142,TG(47:2).M,0.430053359,5.14E-01,1.07E+05,741401.41,634622.28,1.1682562,TG(47:2).M,0.430053359,NA
143,TG(47:3).M,0.09558219,1.02E+00,7.24E+04,239078.05,166702.58,1.4341593,TG(47:3).M,0.09558219,NA
144,TG(48:0).M,0.595748289,3.67E-01,1.12E+05,687776.53,576264.18,1.1935091,TG(48:0).M,0.595748289,NA
145,TG(48:1).M,0.032149407,1.32E+00,1.09E+06,3034633.83,1943005.84,1.5618244,TG(48:1).M,0.032149407,*
146,TG(48:2).M,0.536197254,2.96E-01,1.11E+06,6028066.25,4917773.4,1.2257715,TG(48:2).M,0.536197254,NA
147,TG(48:3).M,0.79129251,1.25E-01,2.94E+05,4063777.83,3770169.14,1.0778768,TG(48:3).M,0.79129251,NA
148,TG(49:1).M,0.312505347,7.18E-01,2.30E+05,714028.27,484036.08,1.4751551,TG(49:1).M,0.312505347,NA
149,TG(49:2).M,0.958509878,-3.53E-02,-9.47E+03,737920.1,747390.48,0.9873287,TG(49:2).M,0.958509878,NA
150,TG(50:1).M,0.237245155,7.83E-01,4.56E+05,1342337.24,886657.31,1.5139302,TG(50:1).M,0.237245155,NA
151,TG(50:2).M,0.145329427,7.21E-01,1.46E+06,4717653.33,3254719.95,1.4494806,TG(50:2).M,0.145329427,NA
152,TG(50:3).M,0.095089554,9.11E-01,1.55E+06,4084238.88,2529410.98,1.6146996,TG(50:3).M,0.095089554,NA
153,TG(50:4).M,0.228458594,6.18E-01,3.02E+05,951709.21,649309.04,1.4657261,TG(50:4).M,0.228458594,NA
154,TG(51:1).M,0.294064862,7.05E-01,1.17E+05,456168.82,338842.59,1.3462558,TG(51:1).M,0.294064862,NA
155,TG(51:2).M,0.162994875,9.63E-01,6.73E+05,1598899.86,925715.88,1.7272037,TG(51:2).M,0.162994875,NA
156,TG(51:4).M,0.128671081,1.06E+00,3.69E+05,713133.48,344116.03,2.0723635,TG(51:4).M,0.128671081,NA
157,TG(52:1).M,0.062506255,1.15E+00,3.23E+05,937604.72,614502.38,1.5257951,TG(52:1).M,0.062506255,NA
158,TG(52:2).M,0.143644367,7.55E-01,1.83E+06,9059524.75,7229118.9,1.253199,TG(52:2).M,0.143644367,NA
159,TG(52:3).M,0.038441737,1.08E+00,2.45E+06,9168887.67,6721460.55,1.3641213,TG(52:3).M,0.038441737,*
160,TG(52:4).M,0.112463112,9.97E-01,2.30E+06,6659945.75,4363289.58,1.5263589,TG(52:4).M,0.112463112,NA
161,TG(52:5).M,0.161215725,9.83E-01,1.34E+06,2206812.75,870195.13,2.5359976,TG(52:5).M,0.161215725,NA
162,TG(53:1).M,0.232553617,7.71E-01,7.35E+04,270257.07,196740,1.3736762,TG(53:1).M,0.232553617,NA
163,TG(53:2).M,0.127371849,9.94E-01,2.60E+05,808846.66,548869.56,1.4736592,TG(53:2).M,0.127371849,NA
164,TG(53:3).M,0.147941477,9.66E-01,4.02E+05,1235098.36,832958.11,1.4827857,TG(53:3).M,0.147941477,NA
165,TG(53:4).M,0.242965826,7.49E-01,1.86E+05,810994.38,624971.4,1.2976504,TG(53:4).M,0.242965826,NA
166,TG(53:5).M,0.243970809,7.12E-01,1.04E+05,422645.21,318898.8,1.325327,TG(53:5).M,0.243970809,NA
167,TG(53:6).M,0.755359707,-1.77E-01,-1.88E+04,199665.33,218440.34,0.9140497,TG(53:6).M,0.755359707,NA
168,TG(54:1).M,0.383184828,5.48E-01,1.17E+05,482508.9,365921.96,1.3186115,TG(54:1).M,0.383184828,NA
169,TG(54:2).M,0.036513848,1.03E+00,1.07E+06,3722854.08,2656885.65,1.4012098,TG(54:2).M,0.036513848,*
170,TG(54:3).M,0.433471867,3.78E-01,1.59E+06,16450000,14857617.9,1.1071761,TG(54:3).M,0.433471867,NA
171,TG(54:4).M,0.445262975,3.36E-01,1.15E+06,13616666.67,12462403.1,1.0926197,TG(54:4).M,0.445262975,NA
172,TG(54:5).M,0.146170452,6.97E-01,2.17E+06,11513578.17,9345612.15,1.2319769,TG(54:5).M,0.146170452,NA
173,TG(54:6).M,0.061857977,1.08E+00,3.85E+06,10530177.42,6676891.17,1.5771078,TG(54:6).M,0.061857977,NA
174,TG(54:7).M,0.054135277,1.16E+00,2.78E+05,763582.52,485507.42,1.5727515,TG(54:7).M,0.054135277,NA
175,TG(55:3).M,0.163367231,8.25E-01,7.21E+04,337640.34,265558.13,1.2714367,TG(55:3).M,0.163367231,NA
176,TG(56:1).M,0.178168611,8.33E-01,2.46E+04,124507.05,99878.58,1.2465841,TG(56:1).M,0.178168611,NA
177,TG(56:2).M,0.1748948,6.42E-01,1.34E+05,566882.7,432985.98,1.3092403,TG(56:2).M,0.1748948,NA
178,TG(56:3).M,0.137354496,7.28E-01,2.40E+05,860750.7,621094.75,1.3858605,TG(56:3).M,0.137354496,NA
179,TG(56:5).M,0.878242747,8.77E-02,3.83E+04,665724.69,627438.37,1.06102,TG(56:5).M,0.878242747,NA
180,TG(56:6)_A.M,0.997060637,-1.84E-03,-1.17E+03,806817.4,807991.59,0.9985468,TG(56:6)_A.M,0.997060637,NA
181,TG(56:6)_B.M,0.02817479,1.15E+00,1.67E+05,576851.91,409448.37,1.4088514,TG(56:6)_B.M,0.02817479,*
182,TG(56:7).M,0.054827083,1.03E+00,1.29E+05,488034.44,359369.36,1.3580302,TG(56:7).M,0.054827083,NA
183,TG(56:8).M,0.626070492,3.43E-01,1.17E+05,352402.86,234908.15,1.500173,TG(56:8).M,0.626070492,NA
184,TG(58:1).M,0.063601396,1.09E+00,2.35E+04,80558.33,57049.87,1.4120687,TG(58:1).M,0.063601396,NA
185,TG(58:11).M,0.663894165,-1.86E-01,-9.52E+04,233420.12,328646.25,0.7102473,TG(58:11).M,0.663894165,NA
186,TG(58:2).M,0.173409714,6.87E-01,8.10E+04,364844.75,283821.71,1.2854716,TG(58:2).M,0.173409714,NA
187,TG(58:3).M,0.385476136,4.07E-01,4.37E+04,255677.14,211979.51,1.2061408,TG(58:3).M,0.385476136,NA
188,TG(58:9).M,0.465166049,4.41E-01,3.52E+04,277162.06,242008.5,1.1452576,TG(58:9).M,0.465166049,NA
189,TG(59:2).M,0.091031164,9.11E-01,1.99E+04,93322.89,73417.74,1.2711218,TG(59:2).M,0.091031164,NA
190,TG(59:3).M,0.010259498,1.15E+00,2.14E+04,86480.6,65115.79,1.328105,TG(59:3).M,0.010259498,*
191,TG(60:2).M,0.209008611,6.81E-01,4.89E+04,230207.57,181319.41,1.2696245,TG(60:2).M,0.209008611,NA
192,TG(60:3).M,0.244357702,6.12E-01,5.50E+04,230431.35,175442.49,1.3134296,TG(60:3).M,0.244357702,NA
193,Cer(d18:0/16:0).O,0.811565553,-1.69E-01,-5.52E+04,545944.03,601141.79,0.9081785,Cer(d18:0/16:0).O,0.811565553,NA
194,Cer(d18:1/16:0).O,0.61717535,-3.64E-01,-8.35E+04,320101.77,403570.14,0.793175,Cer(d18:1/16:0).O,0.61717535,NA
195,CoQ10.O,0.590610663,-3.64E-01,-6.43E+04,1208233.8,1272505.66,0.9494919,CoQ10.O,0.590610663,NA
196,CoQ8.O,0.109334529,9.49E-01,1.39E+05,481678.96,342240.76,1.4074272,CoQ8.O,0.109334529,NA
197,CoQ9.O,0.110249177,1.02E+00,1.42E+05,686280.31,543950.95,1.2616585,CoQ9.O,0.110249177,NA
198,DG(16:0/17:0/0:0).O,0.737744528,-2.11E-01,-1.41E+04,375636.79,389739.6,0.9638148,DG(16:0/17:0/0:0).O,0.737744528,NA
199,DG(16:0/18:1/0:0).O,0.504101962,4.20E-01,6.04E+04,625786.8,565362.81,1.1068765,DG(16:0/18:1/0:0).O,0.504101962,NA
200,DG(16:0/18:2/0:0).O,0.140526082,8.83E-01,4.50E+05,1008788.8,558933.34,1.8048463,DG(16:0/18:2/0:0).O,0.140526082,NA
201,DG(16:1/18:1/0:0)_A.O,0.140526082,8.83E-01,4.50E+05,1008788.8,558933.34,1.8048463,DG(16:1/18:1/0:0)_A.O,0.140526082,NA
202,DG(16:1/18:1/0:0)_B.O,0.281654408,6.52E-01,6.89E+04,266446.8,197518.86,1.3489689,DG(16:1/18:1/0:0)_B.O,0.281654408,NA
203,DG(17:0/0:0/17:0).O,0.203466104,7.66E-01,5.98E+04,320725.31,260955.23,1.2290434,DG(17:0/0:0/17:0).O,0.203466104,NA
204,DG(18:1/0:0/18:1).O,0.816401259,1.48E-01,9.07E+04,1427589.47,1336923.29,1.067817,DG(18:1/0:0/18:1).O,0.816401259,NA
205,DG(18:1/18:2/0:0).O,0.061206843,1.13E+00,1.99E+05,955620.03,757109.86,1.2621947,DG(18:1/18:2/0:0).O,0.061206843,NA
206,DG(18:2/0:0/18:2).O,0.241518407,7.11E-01,1.14E+06,1952105.25,812743.64,2.4018708,DG(18:2/0:0/18:2).O,0.241518407,NA
207,DGDG(14:0/18:1);DGDG(15:0/17:1).O,0.513610399,-4.07E-01,-5.95E+04,545654.24,605178.95,0.9016412,DGDG(14:0/18:1);DGDG(15:0/17:1).O,0.513610399,NA
208,DGDG(15:0/15:0).O,0.258087501,-7.62E-01,-5.82E+04,195924.21,254117.51,0.7709985,DGDG(15:0/15:0).O,0.258087501,NA
209,DGDG(15:0/16:1).O,0.114488331,9.42E-01,1.08E+05,373287.73,265623.93,1.4053242,DGDG(15:0/16:1).O,0.114488331,NA
210,DGDG(15:0/17:0).O,0.091367821,-1.09E+00,-2.22E+05,351301.22,572970.93,0.6131222,DGDG(15:0/17:0).O,0.091367821,NA
211,DGDG(15:0/18:1).O,0.762207367,-2.01E-01,-2.04E+04,244025.41,264429.63,0.9228368,DGDG(15:0/18:1).O,0.762207367,NA
212,DGDG(15:0/19:1).O,0.232207664,-8.59E-01,-8.91E+04,155919.24,244988.79,0.6364342,DGDG(15:0/19:1).O,0.232207664,NA
213,DGDG(18:1/18:1).O,0.16768996,8.28E-01,1.72E+05,492972.92,320891.76,1.5362592,DGDG(18:1/18:1).O,0.16768996,NA
214,DGDG(18:1/19:1).O,0.000971106,1.68E+00,1.82E+05,451990.64,269591.8,1.6765741,DGDG(18:1/19:1).O,0.000971106,***
215,DGDG(19:1/19:1).O,0.906294309,7.28E-02,4.21E+04,5030029.54,4987902.8,1.0084458,DGDG(19:1/19:1).O,0.906294309,NA
216,DGTSA(14:0/18:3).O,0.066196593,1.10E+00,1.31E+05,163423.59,32710.69,4.9960299,DGTSA(14:0/18:3).O,0.066196593,NA
217,DGTSA(15:0/17:0).O,0.116562698,-1.03E+00,-1.36E+05,316912.09,452542.97,0.7002917,DGTSA(15:0/17:0).O,0.116562698,NA
218,DGTSA(16:0/16:1)_A.O,0.508757038,-4.26E-01,-6.96E+04,723395.31,793043.14,0.9121765,DGTSA(16:0/16:1)_A.O,0.508757038,NA
219,DGTSA(16:0/16:1)_B.O,0.057599874,1.11E+00,3.12E+06,10362839.5,7247674,1.4298159,DGTSA(16:0/16:1)_B.O,0.057599874,NA
220,DGTSA(16:0/16:2).O,0.378523429,6.14E-01,3.69E+04,168644.37,131774.45,1.2797957,DGTSA(16:0/16:2).O,0.378523429,NA
221,DGTSA(16:0/18:1).O,0.592982503,3.49E-01,7.39E+05,5354353.88,4615590,1.1600584,DGTSA(16:0/18:1).O,0.592982503,NA
222,DGTSA(16:0/18:2).O,0.330578414,5.98E-01,2.90E+06,9625310.54,6726928.12,1.4308627,DGTSA(16:0/18:2).O,0.330578414,NA
223,DGTSA(16:0/18:3)_A.O,0.565907983,4.02E-01,1.95E+05,765330.98,570441.33,1.3416471,DGTSA(16:0/18:3)_A.O,0.565907983,NA
224,DGTSA(16:0/18:3)_B.O,0.171621297,8.26E-01,2.25E+05,303827.9,78477.26,3.8715407,DGTSA(16:0/18:3)_B.O,0.171621297,NA
225,DGTSA(16:0/18:4).O,0.025365876,1.28E+00,1.23E+05,230979.72,107866.68,2.1413446,DGTSA(16:0/18:4).O,0.025365876,*
226,DGTSA(16:0/19:1);DGTSA(16:1/19:0).O,0.155304733,8.61E-01,1.08E+05,467091.02,359009.47,1.3010549,DGTSA(16:0/19:1);DGTSA(16:1/19:0).O,0.155304733,NA
227,DGTSA(16:1/16:1).O,0.040504435,1.17E+00,1.53E+06,3296060.21,1766559.11,1.865808,DGTSA(16:1/16:1).O,0.040504435,*
228,DGTSA(16:1/18:1)_A.O,0.173529339,9.40E-01,7.50E+05,2831969.92,2082014.45,1.3602067,DGTSA(16:1/18:1)_A.O,0.173529339,NA
229,DGTSA(16:1/18:1)_B.O,0.41059578,5.18E-01,1.07E+05,688706.41,582165.84,1.1830073,DGTSA(16:1/18:1)_B.O,0.41059578,NA
230,DGTSA(16:1/18:2).O,0.053163716,1.13E+00,3.86E+05,601401.55,215693.91,2.7882175,DGTSA(16:1/18:2).O,0.053163716,NA
231,DGTSA(17:0/17:0).O,0.496762657,-4.36E-01,-1.33E+05,1138789.36,1271303.6,0.8957651,DGTSA(17:0/17:0).O,0.496762657,NA
232,DGTSA(17:0/19:0).O,0.057241976,-1.20E+00,-2.13E+05,422784.64,635360.06,0.6654253,DGTSA(17:0/19:0).O,0.057241976,NA
233,DGTSA(18:0/18:1).O,0.236456573,7.47E-01,1.73E+05,809741.97,636807.3,1.2715651,DGTSA(18:0/18:1).O,0.236456573,NA
234,DGTSA(18:0/18:2);DGTSA(18:1/18:1).O,0.21014307,7.57E-01,8.21E+05,2006764.38,1185781.45,1.692356,DGTSA(18:0/18:2);DGTSA(18:1/18:1).O,0.21014307,NA
235,DGTSA(18:1/18:1).O,0.514864859,4.24E-01,6.67E+05,5919137.83,5252154.7,1.1269923,DGTSA(18:1/18:1).O,0.514864859,NA
236,DGTSA(18:1/18:2).O,0.051625553,1.13E+00,9.53E+05,1850125.26,896642.53,2.0633923,DGTSA(18:1/18:2).O,0.051625553,NA
237,DGTSA(35:0).O,0.085764559,-1.07E+00,-2.57E+05,631305.75,888270.51,0.7107134,DGTSA(35:0).O,0.085764559,NA
238,HexCer(d18:2/16:1)_A.O,0.002696171,1.53E+00,5.07E+05,989989.86,482982.41,2.0497431,HexCer(d18:2/16:1)_A.O,0.002696171,**
239,HexCer(d18:2/16:1)_B.O,0.003124304,1.57E+00,4.04E+05,782918.27,378678.02,2.0675039,HexCer(d18:2/16:1)_B.O,0.003124304,**
240,HexCer(d18:2/18:1).O,0.51672832,3.98E-01,1.06E+05,341106.36,234968.91,1.4517085,HexCer(d18:2/18:1).O,0.51672832,NA
241,HexCer(d34:3).O,0.178607214,8.17E-01,1.16E+05,389215.64,273196.92,1.4246706,HexCer(d34:3).O,0.178607214,NA
242,PC(0:0/18:1).O,0.472240917,4.92E-01,6.38E+04,231012.52,167174.44,1.3818651,PC(0:0/18:1).O,0.472240917,NA
243,PC(15:0/16:1).O,0.143379007,9.29E-01,1.93E+05,588324.8,395105.39,1.4890326,PC(15:0/16:1).O,0.143379007,NA
244,PC(16:0/18:2).O,0.038191145,1.22E+00,1.61E+06,4001017.04,2395052.25,1.6705343,PC(16:0/18:2).O,0.038191145,*
245,PC(16:1/16:1).O,0.202134808,8.28E-01,1.41E+05,566551.93,425479.43,1.3315613,PC(16:1/16:1).O,0.202134808,NA
246,PC(16:1/18:1).O,0.092038126,1.08E+00,9.63E+05,3097916.58,2134698.75,1.4512196,PC(16:1/18:1).O,0.092038126,NA
247,PC(17:1/19:1).O,0.954608856,4.02E-02,7.13E+04,7917432.08,7846116.2,1.0090893,PC(17:1/19:1).O,0.954608856,NA
248,PC(18:1/18:1)_A.O,0.432845215,5.28E-01,5.03E+04,409640.99,359387.23,1.1398318,PC(18:1/18:1)_A.O,0.432845215,NA
249,PC(18:1/18:1)_B.O,0.701054677,2.53E-01,2.89E+04,373686.84,344763.73,1.0838925,PC(18:1/18:1)_B.O,0.701054677,NA
250,PC(18:1/18:2)_A.O,0.027230055,1.29E+00,1.33E+06,4227203.71,2894493.7,1.4604294,PC(18:1/18:2)_A.O,0.027230055,*
251,PC(18:1/18:2)_B.O,0.011134712,-1.52E+00,-1.11E+06,1153360.04,2259644.1,0.5104167,PC(18:1/18:2)_B.O,0.011134712,*
252,PC(18:1/19:1).O,0.648072907,-3.29E-01,-5.20E+05,4501530.29,5021241.45,0.8964975,PC(18:1/19:1).O,0.648072907,NA
253,PC(18:1/20:4).O,0.107294595,1.01E+00,2.20E+05,707240.19,487231.58,1.4515483,PC(18:1/20:4).O,0.107294595,NA
254,PC(18:2/18:2).O,0.035642268,1.19E+00,3.18E+06,7147249,3969515.17,1.8005345,PC(18:2/18:2).O,0.035642268,*
255,PC(19:1/0:0).O,0.057681063,1.10E+00,4.45E+04,79818.63,35347.69,2.2581005,PC(19:1/0:0).O,0.057681063,NA
256,PC(19:1/19:1).O,0.620070861,-3.40E-01,-1.76E+06,28383333.33,30140000,0.9417164,PC(19:1/19:1).O,0.620070861,NA
257,PC(20:4/20:4).O,0.072745359,1.05E+00,2.02E+05,474903.77,272841.77,1.7405831,PC(20:4/20:4).O,0.072745359,NA
258,PE(13:0/15:0).O,0.245873877,7.03E-01,8.43E+04,295379.98,211069.83,1.399442,PE(13:0/15:0).O,0.245873877,NA
259,PE(14:0/16:1);PE(15:0/15:1)_A.O,0.606175684,-3.52E-01,-1.45E+05,971002.11,1115693.52,0.8703126,PE(14:0/16:1);PE(15:0/15:1)_A.O,0.606175684,NA
260,PE(14:0/16:1);PE(15:0/15:1)_B.O,0.785387874,-1.79E-01,-8.18E+04,917160.86,998913.66,0.9181583,PE(14:0/16:1);PE(15:0/15:1)_B.O,0.785387874,NA
261,PE(14:1/15:0);PE(13:0/16:1).O,0.230097774,7.25E-01,3.88E+04,144496.12,105731.63,1.3666309,PE(14:1/15:0);PE(13:0/16:1).O,0.230097774,NA
262,PE(15:0/15:0).O,0.2515369,-8.19E-01,-1.41E+06,2191427.85,3599279.2,0.6088519,PE(15:0/15:0).O,0.2515369,NA
263,PE(15:0/16:0).O,0.82751015,-1.50E-01,-8.15E+04,948275.55,1029787.24,0.9208461,PE(15:0/16:0).O,0.82751015,NA
264,PE(15:0/16:1)_A.O,0.72377393,-2.46E-01,-8.20E+05,7315217.71,8135392.8,0.8991843,PE(15:0/16:1)_A.O,0.72377393,NA
265,PE(15:0/16:1)_B.O,0.808073628,1.63E-01,6.91E+04,927336.39,858198.92,1.0805611,PE(15:0/16:1)_B.O,0.808073628,NA
266,PE(15:0/17:0).O,0.417354963,-5.87E-01,-1.12E+06,1874775.51,2997505.15,0.6254453,PE(15:0/17:0).O,0.417354963,NA
267,PE(15:0/17:1).O,0.48968921,-4.75E-01,-9.58E+05,3922535.19,4880158.2,0.8037721,PE(15:0/17:1).O,0.48968921,NA
268,PE(15:0/17:1);PE(16:0/16:1).O,0.858404927,-1.27E-01,-2.38E+05,3106749.58,3345155.25,0.9287311,PE(15:0/17:1);PE(16:0/16:1).O,0.858404927,NA
269,PE(15:0/18:0);PE(16:0/17:0).O,0.301151635,-7.64E-01,-8.35E+05,257042.78,1092489.39,0.2352817,PE(15:0/18:0);PE(16:0/17:0).O,0.301151635,NA
270,PE(15:1/16:1)_A.O,0.692741625,-2.70E-01,-4.16E+04,276952.78,318538.43,0.8694486,PE(15:1/16:1)_A.O,0.692741625,NA
271,PE(15:1/16:1)_B.O,0.325435505,5.98E-01,5.15E+04,210233.22,158700.72,1.324715,PE(15:1/16:1)_B.O,0.325435505,NA
272,PE(15:1/17:1).O,0.966050942,2.66E-02,1.33E+04,484517.56,471262.53,1.0281266,PE(15:1/17:1).O,0.966050942,NA
273,PE(16:0/17:0).O,0.437245387,-5.52E-01,-3.10E+05,456814.48,766821.48,0.5957247,PE(16:0/17:0).O,0.437245387,NA
274,PE(16:0/17:1).O,0.896662474,-8.75E-02,-1.68E+05,3039053.17,3206991.85,0.9476336,PE(16:0/17:1).O,0.896662474,NA
275,PE(16:0/18:1);PE(15:0/19:1).O,0.571701593,-4.10E-01,-6.41E+05,2066898.38,2707829.02,0.7633046,PE(16:0/18:1);PE(15:0/19:1).O,0.571701593,NA
276,PE(16:0/18:2);PE(16:1/18:1).O,0.076946789,1.05E+00,2.83E+06,4275332.36,1446913.86,2.954794,PE(16:0/18:2);PE(16:1/18:1).O,0.076946789,NA
277,PE(16:0/19:1).O,0.333080718,-6.79E-01,-6.86E+05,1645233.6,2331522.62,0.7056477,PE(16:0/19:1).O,0.333080718,NA
278,PE(16:1/16:1).O,0.939402326,5.06E-02,9.42E+04,4433039.44,4338840.85,1.0217105,PE(16:1/16:1).O,0.939402326,NA
279,PE(16:1/17:0);PE(15:0/18:1).O,0.677374717,-2.92E-01,-5.14E+05,2872503.52,3386283.77,0.8482761,PE(16:1/17:0);PE(15:0/18:1).O,0.677374717,NA
280,PE(16:1/17:1)_A.O,0.84490968,-1.33E-01,-1.12E+05,1692070.29,1804270.84,0.9378139,PE(16:1/17:1)_A.O,0.84490968,NA
281,PE(16:1/17:1)_B.O,0.480225772,4.75E-01,2.26E+05,977503.87,751720.1,1.3003562,PE(16:1/17:1)_B.O,0.480225772,NA
282,PE(16:1/18:1).O,0.773998742,1.89E-01,3.44E+05,3816350.06,3472595.58,1.0989906,PE(16:1/18:1).O,0.773998742,NA
283,PE(16:1/18:2).O,0.072988768,1.06E+00,2.88E+05,440077.01,152123.16,2.8928994,PE(16:1/18:2).O,0.072988768,NA
284,PE(16:1/19:1)_B.O,0.422551998,-5.80E-01,-1.82E+05,392428.37,574721.38,0.682815,PE(16:1/19:1)_B.O,0.422551998,NA
285,PE(17:0/17:0).O,0.502394168,-4.72E-01,-5.98E+05,1409610.12,2007472.36,0.7021816,PE(17:0/17:0).O,0.502394168,NA
286,PE(17:0/18:1).O,0.499256288,-4.74E-01,-4.66E+05,1136537.39,1602936.61,0.7090345,PE(17:0/18:1).O,0.499256288,NA
287,PE(17:1/17:1).O,0.694149285,-2.60E-01,-7.78E+04,652321.9,730114.74,0.8934512,PE(17:1/17:1).O,0.694149285,NA
288,PE(17:1/18:1);PE(16:1/19:1)_A.O,0.527694888,-4.19E-01,-2.17E+05,892535.19,1109439.75,0.8044918,PE(17:1/18:1);PE(16:1/19:1)_A.O,0.527694888,NA
289,PE(17:1/19:1).O,0.887294662,9.57E-02,1.32E+05,3131549.85,2999067.4,1.0441746,PE(17:1/19:1).O,0.887294662,NA
290,PE(18:1/18:1).O,0.474038923,-4.97E-01,-2.13E+06,6831352.42,8957986.85,0.7625991,PE(18:1/18:1).O,0.474038923,NA
291,PE(18:1/18:2)_A.O,0.324816321,6.03E-01,3.90E+05,1474896.97,1084495.85,1.359984,PE(18:1/18:2)_A.O,0.324816321,NA
292,PE(18:1/18:2)_B.O,0.234608139,-8.52E-01,-1.78E+06,1537061.7,3320848.8,0.4628521,PE(18:1/18:2)_B.O,0.234608139,NA
293,PE(18:1/19:1)_A.O,0.988280553,-9.29E-03,-6.43E+03,1421266.47,1427700.55,0.9954934,PE(18:1/19:1)_A.O,0.988280553,NA
294,PE(18:1/19:1)_B.O,0.443894931,-5.21E-01,-8.56E+05,3321787.79,4178131.38,0.7950415,PE(18:1/19:1)_B.O,0.443894931,NA
295,PE(18:2/18:2).O,0.026159734,1.29E+00,2.25E+06,3215628.48,966815.61,3.3259998,PE(18:2/18:2).O,0.026159734,*
296,PE(19:1/19:1).O,0.451892591,-5.00E-01,-7.34E+05,2934027.1,3667954.12,0.7999083,PE(19:1/19:1).O,0.451892591,NA
297,PE(35:2).O,0.556197499,3.76E-01,4.61E+05,3040074.31,2579219.45,1.17868,PE(35:2).O,0.556197499,NA
298,PE(36:1).O,0.454885028,-5.12E-01,-1.94E+05,575511.9,769434.94,0.7479669,PE(36:1).O,0.454885028,NA
299,PE(O-15:0/15:0).O,0.382979365,-6.35E-01,-8.96E+05,1205221.9,2100913.52,0.5736656,PE(O-15:0/15:0).O,0.382979365,NA
300,PE(O-15:0/15:1)_A.O,0.546504824,-4.19E-01,-3.32E+05,978112.68,1309876.55,0.7467213,PE(O-15:0/15:1)_A.O,0.546504824,NA
301,PE(O-15:0/15:1)_B.O,0.354728501,-6.32E-01,-4.17E+05,747723.92,1164669.54,0.6420052,PE(O-15:0/15:1)_B.O,0.354728501,NA
302,PE(O-16:0/15:1).O,0.352220938,-6.15E-01,-1.91E+05,215329.38,406328.3,0.5299394,PE(O-16:0/15:1).O,0.352220938,NA
303,PE(O-17:0/17:0).O,0.152432938,-9.60E-01,-8.24E+05,911138.48,1734732.74,0.5252328,PE(O-17:0/17:0).O,0.152432938,NA
304,PE(P-16:0/16:1).O,0.649382216,2.84E-01,1.95E+05,1066042.01,871321.88,1.2234767,PE(P-16:0/16:1).O,0.649382216,NA
305,PG(15:0/15:0).O,0.314950154,6.14E-01,1.55E+05,375825.26,221014.79,1.700453,PG(15:0/15:0).O,0.314950154,NA
306,PG(15:0/16:0)_A.O,0.691261509,2.59E-01,3.63E+04,234432.3,198104.9,1.1833746,PG(15:0/16:0)_A.O,0.691261509,NA
307,PG(15:0/16:0)_B.O,0.125269063,9.13E-01,5.53E+05,1122764.02,570232.09,1.9689597,PG(15:0/16:0)_B.O,0.125269063,NA
308,PG(15:0/16:1)_A.O,0.174833551,8.14E-01,1.93E+05,422926.74,229793.31,1.8404659,PG(15:0/16:1)_A.O,0.174833551,NA
309,PG(15:0/16:1)_B.O,0.22610995,7.31E-01,1.30E+05,262522.87,132071.04,1.9877399,PG(15:0/16:1)_B.O,0.22610995,NA
310,PG(15:0/17:0).O,0.474458166,4.46E-01,1.16E+05,475929.13,359859.66,1.3225409,PG(15:0/17:0).O,0.474458166,NA
311,PG(15:0/17:1).O,0.375006428,5.39E-01,1.62E+05,391573.96,230031.35,1.7022634,PG(15:0/17:1).O,0.375006428,NA
312,PG(15:0/18:1);PG(16:1/17:0).O,0.210647156,7.54E-01,2.72E+05,585385.38,313636.9,1.866443,PG(15:0/18:1);PG(16:1/17:0).O,0.210647156,NA
313,PG(16:0/16:0).O,0.271239297,6.72E-01,1.33E+05,324044.13,191511.95,1.6920309,PG(16:0/16:0).O,0.271239297,NA
314,PG(16:0/16:1).O,0.231841957,7.26E-01,4.08E+05,979279.33,571386.74,1.7138643,PG(16:0/16:1).O,0.231841957,NA
315,PG(16:0/17:0).O,0.623512815,3.12E-01,3.94E+04,195071,155683.19,1.2529998,PG(16:0/17:0).O,0.623512815,NA
316,PG(16:0/17:1).O,0.228459118,7.27E-01,2.40E+05,498882.67,258597.38,1.9291869,PG(16:0/17:1).O,0.228459118,NA
317,PG(16:0/18:1);PG(16:1/18:0).O,0.309396031,6.27E-01,7.23E+05,2242550.54,1519084.98,1.4762509,PG(16:0/18:1);PG(16:1/18:0).O,0.309396031,NA
318,PG(16:0/19:1).O,0.472107297,4.54E-01,1.59E+05,751557.39,593036.97,1.2673028,PG(16:0/19:1).O,0.472107297,NA
319,PG(16:1/16:1).O,0.181350082,8.04E-01,1.92E+05,396142.97,204069.54,1.9412156,PG(16:1/16:1).O,0.181350082,NA
320,PG(16:1/18:1).O,0.202339459,7.68E-01,2.22E+05,537778.93,315365.88,1.705254,PG(16:1/18:1).O,0.202339459,NA
321,PG(16:1/19:1);PG(17:1/18:1).O,0.32169354,6.05E-01,6.22E+04,188061.69,125885.42,1.4939116,PG(16:1/19:1);PG(17:1/18:1).O,0.32169354,NA
322,PG(17:0/17:0).O,0.305350289,6.23E-01,2.37E+05,568787.35,331403.77,1.7162972,PG(17:0/17:0).O,0.305350289,NA
323,PG(17:0/17:1).O,0.430273813,4.90E-01,5.75E+04,192790.66,135297.93,1.4249342,PG(17:0/17:1).O,0.430273813,NA
324,PG(17:1/19:1).O,0.328559297,6.00E-01,9.94E+04,277949.12,178571.14,1.5565176,PG(17:1/19:1).O,0.328559297,NA
325,PG(18:0/18:1).O,0.40161866,5.23E-01,8.33E+04,318114.91,234781.1,1.3549426,PG(18:0/18:1).O,0.40161866,NA
326,PG(18:1/18:1).O,0.781503169,1.87E-01,2.05E+05,1966766.46,1762157.32,1.1161129,PG(18:1/18:1).O,0.781503169,NA
327,PG(18:1/19:1).O,0.118923406,9.26E-01,3.70E+05,757247.55,386833.82,1.9575526,PG(18:1/19:1).O,0.118923406,NA
328,PG(19:1/19:1).O,0.277099512,6.64E-01,2.89E+05,870061.64,580580.68,1.4986059,PG(19:1/19:1).O,0.277099512,NA
329,PI(15:0/15:0).O,0.123377369,9.16E-01,3.04E+05,492864.6,188628,2.6128921,PI(15:0/15:0).O,0.123377369,NA
330,PI(16:0/17:0).O,0.089404166,9.98E-01,9.16E+04,164073.22,72498.63,2.2631218,PI(16:0/17:0).O,0.089404166,NA
331,TG(46:2).O,0.314305721,6.54E-01,1.08E+05,650271.43,542057.96,1.1996345,TG(46:2).O,0.314305721,NA
332,TG(46:3).O,0.589296957,3.38E-01,2.04E+04,209858.57,189413.79,1.1079371,TG(46:3).O,0.589296957,NA
333,TG(47:1).O,0.810024568,1.48E-01,1.61E+04,394668.14,378607.5,1.0424203,TG(47:1).O,0.810024568,NA
334,TG(47:2).O,0.477941659,4.51E-01,1.15E+05,777465.55,662735.57,1.1731158,TG(47:2).O,0.477941659,NA
335,TG(47:3).O,0.213879181,8.02E-01,6.15E+04,249181.24,187684.57,1.3276597,TG(47:3).O,0.213879181,NA
336,TG(48:0).O,0.630018388,2.97E-01,4.43E+04,450100.18,405803.11,1.109159,TG(48:0).O,0.630018388,NA
337,TG(48:1).O,0.627987178,3.23E-01,2.50E+05,2348766.17,2098956.35,1.1190162,TG(48:1).O,0.627987178,NA
338,TG(48:2).O,0.622701679,3.30E-01,5.35E+05,4637111.25,4102375.2,1.1303479,TG(48:2).O,0.622701679,NA
339,TG(48:3).O,0.263299288,6.77E-01,9.75E+05,3987121.62,3012101.48,1.323701,TG(48:3).O,0.263299288,NA
340,TG(49:1).O,0.989034786,8.48E-03,1.07E+03,475850.77,474777.01,1.0022616,TG(49:1).O,0.989034786,NA
341,TG(49:2).O,0.199691892,-8.46E-01,-1.47E+05,560040.6,707271.76,0.7918323,TG(49:2).O,0.199691892,NA
342,TG(50:1).O,0.783276177,-1.69E-01,-4.44E+04,870989.05,915364.15,0.9515219,TG(50:1).O,0.783276177,NA
343,TG(50:2).O,0.621085705,-3.04E-01,-2.17E+05,2629554.94,2846883.1,0.923661,TG(50:2).O,0.621085705,NA
344,TG(50:3).O,0.875654682,9.53E-02,8.57E+04,2194403.4,2108699.95,1.0406428,TG(50:3).O,0.875654682,NA
345,TG(50:4).O,0.760096852,1.91E-01,4.85E+04,516122.35,467658.53,1.1036308,TG(50:4).O,0.760096852,NA
346,TG(51:1).O,0.547935316,-3.71E-01,-3.08E+04,312246.99,343015.2,0.9103007,TG(51:1).O,0.547935316,NA
347,TG(51:2).O,0.796107071,1.60E-01,3.33E+04,1035130.57,1001842.55,1.0332268,TG(51:2).O,0.796107071,NA
348,TG(51:4).O,0.653555712,-2.77E-01,-4.99E+04,437776.52,487670.21,0.8976897,TG(51:4).O,0.653555712,NA
349,TG(52:1).O,0.791533226,-1.77E-01,-6.15E+04,739470.47,801003.25,0.9231804,TG(52:1).O,0.791533226,NA
350,TG(52:2).O,0.385989544,-5.85E-01,-9.79E+05,6499513.17,7478957.2,0.86904,TG(52:2).O,0.385989544,NA
351,TG(52:3).O,0.66688079,-2.69E-01,-4.67E+05,6465538.08,6932490.7,0.9326429,TG(52:3).O,0.66688079,NA
352,TG(52:4).O,0.708379117,2.39E-01,2.65E+05,5035799.58,4770548.55,1.0556018,TG(52:4).O,0.708379117,NA
353,TG(52:5).O,0.298981608,6.33E-01,1.57E+05,902160.99,745368.05,1.2103564,TG(52:5).O,0.298981608,NA
354,TG(53:1).O,0.20803627,-8.91E-01,-8.52E+04,141179.18,226393.03,0.6236021,TG(53:1).O,0.20803627,NA
355,TG(53:2).O,0.87641358,9.87E-02,1.12E+04,683221.24,672036.94,1.0166424,TG(53:2).O,0.87641358,NA
356,TG(53:3).O,0.708601597,2.36E-01,3.23E+04,1102531.21,1070198.36,1.030212,TG(53:3).O,0.708601597,NA
357,TG(53:4).O,0.053505661,-1.14E+00,-2.14E+05,828832.33,1042767.66,0.7948389,TG(53:4).O,0.053505661,NA
358,TG(53:5).O,0.030999979,-1.22E+00,-1.89E+05,416334.97,605734.14,0.6873229,TG(53:5).O,0.030999979,*
359,TG(53:6).O,0.351316891,-5.83E-01,-2.41E+05,476004.99,717238.71,0.6636633,TG(53:6).O,0.351316891,NA
360,TG(54:1).O,0.687913574,2.59E-01,7.43E+04,506814.66,432553.12,1.1716819,TG(54:1).O,0.687913574,NA
361,TG(54:2).O,0.973628674,-2.35E-02,-2.57E+04,3178070.67,3203764.17,0.9919802,TG(54:2).O,0.973628674,NA
362,TG(54:3).O,0.843766992,-1.40E-01,-4.50E+05,13800000,14250476.6,0.9683887,TG(54:3).O,0.843766992,NA
363,TG(54:4).O,0.883191046,-1.06E-01,-2.17E+05,10817589.83,11034709.3,0.980324,TG(54:4).O,0.883191046,NA
364,TG(54:5).O,0.496751764,-4.75E-01,-6.75E+05,8495128.58,9170539.2,0.92635,TG(54:5).O,0.496751764,NA
365,TG(54:6).O,0.974838018,-1.97E-02,-5.27E+04,7525484.25,7578160.7,0.9930489,TG(54:6).O,0.974838018,NA
366,TG(54:7).O,0.679784513,2.62E-01,3.85E+04,602811.7,564327.39,1.068195,TG(54:7).O,0.679784513,NA
367,TG(55:3).O,0.999984532,-1.21E-05,-7.31E-01,312453.34,312454.08,0.9999977,TG(55:3).O,0.999984532,NA
368,TG(56:1).O,0.671651973,2.87E-01,7.75E+03,111589.46,103834.96,1.0746809,TG(56:1).O,0.671651973,NA
369,TG(56:2).O,0.691587769,2.82E-01,2.93E+04,432519.26,403266.44,1.0725397,TG(56:2).O,0.691587769,NA
370,TG(56:3).O,0.840737551,-1.43E-01,-2.11E+04,427599.46,448690.36,0.9529945,TG(56:3).O,0.840737551,NA
371,TG(56:5).O,0.117708098,-1.05E+00,-5.40E+04,252179.76,306220.08,0.8235246,TG(56:5).O,0.117708098,NA
372,TG(56:6)_A.O,0.996324957,3.00E-03,3.14E+02,260781.68,260467.77,1.0012052,TG(56:6)_A.O,0.996324957,NA
373,TG(56:6)_B.O,0.56819922,-3.65E-01,-2.63E+04,363989.9,390246.79,0.9327172,TG(56:6)_B.O,0.56819922,NA
374,TG(56:7).O,0.497397136,4.43E-01,2.89E+04,368138.2,339275.03,1.0850731,TG(56:7).O,0.497397136,NA
375,TG(56:8).O,0.196934605,-9.26E-01,-4.41E+04,85782.11,129916.69,0.6602855,TG(56:8).O,0.196934605,NA
376,TG(58:1).O,0.507735382,-4.33E-01,-6.95E+03,50616.3,57566.99,0.8792591,TG(58:1).O,0.507735382,NA
377,TG(58:11).O,0.321273765,6.36E-01,3.57E+04,154862.71,119130.18,1.2999453,TG(58:11).O,0.321273765,NA
378,TG(58:2).O,0.454297458,4.90E-01,4.78E+04,304435.35,256668.2,1.1861047,TG(58:2).O,0.454297458,NA
379,TG(58:3).O,0.977441908,1.94E-02,6.82E+02,149137.39,148455.45,1.0045936,TG(58:3).O,0.977441908,NA
380,TG(58:9).O,0.030851118,-1.31E+00,-4.89E+04,153796.67,202679.12,0.7588185,TG(58:9).O,0.030851118,*
381,TG(59:2).O,0.659965649,2.80E-01,7.67E+03,85790.26,78124.83,1.0981176,TG(59:2).O,0.659965649,NA
382,TG(59:3).O,0.376127087,-6.35E-01,-8.62E+03,55577.42,64200.2,0.8656892,TG(59:3).O,0.376127087,NA
383,TG(60:2).O,0.671631928,-2.61E-01,-1.62E+04,145062.24,161271.32,0.8994918,TG(60:2).O,0.671631928,NA
384,TG(60:3).O,0.225950813,-8.28E-01,-3.05E+04,97605.84,128146.86,0.7616717,TG(60:3).O,0.225950813,NA
