Metabolite,M_C_4_AB,M_C_7_AB,M_C_12_AB,M_C_14_AB,M_C_19_AB,M_C_30_AB,M_H_2_AB,M_H_2B,M_H_4_AB,M_H_11_AB,M_H_17_AB,M_H_26_AB,M_H_28_AB,M_H_30_AB,M_H_32_AB,M_H_34_AB,O_C_4_AB,O_C_12_AB,O_C_14_AB,O_C_19_AB,O_C_27_AB,O_C_34_AB,O_H_2_AB,O_H_4_AB,O_H_11_AB,O_H_17_AB,O_H_32_AB
"1,3-dihydroxyacetone",201558.1224,230863.3726,310909.975,245659.1604,232123.1467,264868.2898,132565.8921,175407.9927,207265.6385,200195.1865,11486398.85,331945.0792,186790.8434,373936.3562,300905.0748,371204.0897,313388.4005,411931.8243,246935.7899,270366.903,624569.8594,327319.9731,233960.1673,222957.7059,186341.8143,234212.5853,177300.8753
"1,4-D-xylobiose ",92632.29307,59878.8431,444064.6729,204729.0512,140847.5343,226858.2033,77650.66634,68907.67376,87523.19559,122632.199,71585.2564,124406.9329,49584.19398,357178.4717,370081.796,46574.97368,161702.9582,501460.9579,119733.0143,338959.9635,247569.7787,310476.9568,139770.791,181227.1114,53837.27814,166420.5444,33521.08606
2-furoic acid,0,20244.86772,368618.6866,290832.0431,346959.5516,362864.0531,190631.4418,22918.10535,419948.5162,136766.6731,208463.4847,275125.1495,356263.8678,444348.1521,37180.55171,359615.872,216406.1996,290985.8868,164079.9,27451.73236,250931.9346,226323.6038,143294.0934,167878.7766,12033.36465,10321.08601,141094.8517
2-hydroxypyridine,848669.0711,1503773.769,1530763.41,1166233.199,1366151.363,1244331.733,1088860.717,2088375.451,1089495.383,1016476.222,1145739.349,1217879.344,1069384.589,1578411.265,1171210.816,1377519.98,1267011.054,2058137.272,857639.3032,1564931.537,1273704.629,1205659.174,1572751.26,1247938.855,1663712.831,986499.7252,1165535.337
3-amino-2-piperidone*,338073.0158,330988.6914,723426.0926,1008494.024,735189.5864,708869.6676,338854.8933,586736.4186,271465.4674,594404.1373,239338.9719,228917.2704,179462.3593,206234.841,392354.384,306326.9283,7166777.682,14202079.92,4490234.216,1934624.81,5710184.789,5986927.464,4191278.306,3139169.475,1357579.158,1841770.588,1167193.625
3-hydroxybutyric acid,665167.9879,968540.968,1950630.768,1364056.892,645910.9663,1745759.09,523484.9606,492646.1411,491344.6066,484619.4829,1347377.801,885926.6622,1517861.993,1634422.881,1299326.531,2993634.735,654375.2734,452154.6213,803181.9858,672468.1712,550734.5071,1259458.159,387054.819,544096.2038,316679.0602,413058.7912,468887.3811
4-aminobutyric acid (GABA),1219404.691,9283552.658,4657182.469,4822063.866,4692235.042,3085062.223,629202.452,1072926.28,2002605.011,3365820.525,1738429.009,0,991899.086,2202431.431,4814623.991,1817006.116,18276546.29,28283192.04,26770327.96,18309290.93,16636634.93,11400763.42,10788979.77,14357431.63,10690717.18,6293252.568,1923468.54
adenosine,597430.5799,2618724.938,986353.5821,1479949.189,874531.5014,1078726.695,1835680.093,1057495.899,771983.7201,1501351.892,1954308.165,1421324.761,2240124.288,1481244.872,1718898.407,4543631.107,700306.9624,288475.0273,611427.679,653705.5262,451518.4973,1051869.939,794504.1859,1041657.317,630165.1619,1367511.187,57984.64882
allantoin,1503819.032,550998.2888,6396.947134,2210454.915,22046,93163.241,14199.3212,589931.8066,915507.7596,2369091.663,676963.7103,483432.0998,45292.34304,27870,8849.445003,1244739.093,12636166.36,10877713.49,3046188.245,7266656.204,3009841.172,14321494.31,6961787.962,6299574.882,2915223.538,18380042.24,1755759.469
arbutin,610194.304,0,190004.3996,3361765.768,3250395.943,3068598.217,0,1739594.831,0,249393.7595,0,4559998.402,0,998520.8357,401385.0997,5327529.205,1460283.22,1313422.719,2125967.011,4871845.787,16196.79185,2867365.101,49558.3161,414079.1899,0,0,0
beta- alanine,0,0,0,0,0,1374224.129,0,0,0,0,0,0,0,0,0,0,2812311.799,882515.1771,1025974.413,451044.138,0,11748463.38,0,0,0,235047.299,0
beta-cyano-L-alanine,268477.7243,41565.66786,319110.9361,386987.1347,415429.7599,282544.2954,107896.6467,100041.8741,168925.8539,112344.5934,167897.0175,139197.0739,133672.9928,33483.6262,183846.4432,48095.60913,3864302.886,3823388.637,2435842.073,1646837.927,2076607.968,3363593.762,1822226.311,1689117.055,578982.8322,1303754.117,326109.0123
carbonate ion,4613362.903,3414290.938,3956110.134,3514037.993,4827966.084,3357043.697,2887031.004,4143004.521,3068424.426,3936535.181,3219208.997,4450718.903,2210043.964,3037693.72,3317337.889,3140739.109,6120611.951,4237093.798,4314659.37,3101537.735,4143028.788,5587509.898,4556457.927,4600841.755,4984368.96,1595633.55,3992266.788
dehydroalanine,539521.3954,152628.0485,146060.7443,198892.5405,175299.5488,181619.154,240515.8717,265819.1563,329685.0961,359722.466,675300.1426,383155.8704,676066.5755,162699.0433,415632.5484,340253.3191,444240.7742,802763.9231,305810.3506,280905.742,413556.1169,447739.4144,239964.7937,261117.6691,473131.4827,703846.4154,72708.42075
D-fructose,1085019.143,2092950.298,2812330.159,2664931.885,2924894.236,1968743.933,846906.4874,911815.5144,964862.7186,1183868.216,1172879.963,3244577.043,9796331.213,3185087.73,1818739.283,5364199.444,3044273.085,5213897.976,1787393.892,3241637.304,2261221.72,3010516.359,2287352.158,37816226.01,2047737.112,6498238.477,1023806.425
D-galactose,462028.1346,529799.2998,1374740.544,958783.3218,1137938.266,1185450.88,565702.4876,724802.181,451817.3777,564739.1919,543922,459763.2021,877625.6696,1813885.282,3415843.018,1297702.717,1428791,2819216,1112296.052,2395692.495,1929150.122,2560183.386,1166057.936,757921.996,535436.3289,4561111.379,584168.3402
D-gluconic acid,108805.4226,67776.08677,36330.59409,147726.2672,225693.9452,212292.409,38671.23048,28638.76477,74412.09616,60517.97054,128667.3786,102082.9512,138552.1672,478654.9969,706277.6309,1129445.372,2208747.341,3821654.998,1057839.58,2206663.232,1217906.679,3334694.84,335237.7173,447873.2062,108154.2672,58389.64068,107573.8095
D-glucose,14671725.88,18918423.36,55845738.93,37468344.6,20362678.91,29904066.04,27712436.83,18756845.33,27398133.91,38409375.44,18744191.16,29488547.38,56834253.86,93331270.9,65897364.82,42152292,19537564.04,35973360.41,24079958.66,44932003.9,34018420.43,36530611.66,27199648.15,19705982.56,17009269.52,51263389.45,18379005.12
D-malic acid,92948,162502.882,168837,509411,186377.3197,363706,193175.7647,96576.97383,164070,139306,143118,273744.9005,292409,255975,318002.6778,179073.7384,677148.9886,490700.5096,270650.4611,118327.1677,759976.0236,148239.8031,170380,269665.1316,210772.8787,392134,158251
D-maltitol,1495571.418,2585951.12,2882808.868,2680926.739,2072280.758,1399661.77,2754840,2005424,2505576,2303083.59,5568304,1743175.667,1602693.11,4613930.25,3243713.624,5920368,2230727.67,2322351.389,3614746.43,1466228.319,1969174.553,295194.7748,3276392,2354635.097,3234734.681,4752920,2470812.092
D-mannitol,4467597.883,5454525.831,15626474.46,28672051.86,8098192.616,19511550.95,10351418.76,9923463.683,12088749.24,10044057.31,7068019.68,17788392.66,19916402.33,34657871.88,53748873.86,19304666.65,23959921.56,94031532.35,17459792.77,48070222.85,25270454.91,35970970.68,41546655.03,27324068.58,7535415.042,83509441.32,12293836.87
D-mannose,416965.7535,637419.241,1758265.514,2077986.19,768726.8781,974517.2299,1176060.035,778429.3574,855441.4165,1076254.362,502219.8217,1056685.85,1707738.643,3449517.464,2356629.45,1203603.387,619666.3849,2470954.117,751222.1292,1197331.797,965623.3016,1152009.273,1233402.342,441674.7467,379857.1823,2936091.252,564502.847
D-ribose,1721664.938,4066309.791,6904383.164,6463967.809,2690756.197,5643439.41,2298382.609,2107837.339,2320445.991,3401363.261,2411895.745,3357978.126,8113746.634,12015243.23,8936002.747,8898962.309,3612800.124,5504021.811,3471381.625,5032897.947,4818015.119,6833408.288,2973516.964,2497188.789,1879560.094,5451568.479,1651871.016
D-threitol,73945.0094,661895.7409,270266.3412,93540.45065,92784.11333,91037.65459,116241.7981,229382.0169,126460.9384,652702.1225,110917.0027,79350.12232,115094.3117,149114.6807,52588.39221,88933.45755,68689.18741,766185.0393,61218.75403,48008.3256,74773.25802,74710.25298,31059.9885,353489.6463,169033.1204,141680.2051,116480.4079
D-xylose,229137.1445,228405.0115,1821995.42,776429.5847,393229.9243,1272061.976,263072.0858,306129.7548,328854.6785,486360.9125,479346.1647,544475.5584,462999.5674,1744465.884,2493307.769,463715.2932,357831.015,1884118.266,650723.3186,1774541.52,923078.0187,1175167.079,666425.2657,539500.3351,173254.3753,1479925.269,393576.7862
ethanolamine,6711065.669,12769618.37,5929561.754,5925162.096,4363214.106,6586515.691,2183449.67,4211884.446,2470081.65,4974717.373,4259664.689,2695510.676,5338084.104,5856261.28,13029511.42,6573143.872,13238419.16,12844880.56,9622856.298,11884003.12,11746696.68,13372474.59,6233957,6113829.089,4243010.63,15120587.58,5640083.429
fumaric acid,747686.9205,936361.4806,1238950.588,128785.0183,187502.1222,1226487.947,374485.8157,0,553984.9808,738136.7063,108373.8825,38126.32146,75405.26553,135296.4867,142897.2139,294466.9147,3766776.502,4296802.959,2625553.054,1456734.733,1250534.308,4927201.232,1154879.243,2146280.784,695254.0576,511237.0851,282109.1621
galactinol,7925482.736,8297476.225,8747559.52,8309178.861,9829961.884,11826860.55,4026566.406,10618536.34,2430784.809,16093332.44,6795976.847,7737403.939,11673565.92,15565748.53,15927833.17,6079053.631,6825788.413,8543786.587,2998371.689,5320391.979,8853414.125,4673947.303,3477521.011,3205837.924,3330843.923,9019902.924,3899918.923
galactitol,1326363,5506732.522,365751.5796,361592.5878,1697836,533862.6424,1099991,12404761.99,14631486.58,262001.9635,1660927.131,3241937,257334.043,438653.0674,771041.1667,1700473.53,2620578.203,82951739.68,1564300.303,1053153.778,28099697.04,3864426.633,239773.6731,6056996.498,1553938,116947410,904371.4123
galacto-hexodialdose*,1753212.663,2024407.726,14021545.8,5722456.347,1837040.152,2652283.276,8136022.954,3999591.211,4590241.454,10346957.74,2192705.71,8176350.001,17606232.42,18157401.11,12048653.56,15147035.62,572721.7047,1568574.136,632934.8018,1644390.544,1365118.785,1545700.767,289168.467,1029950.343,974935.1304,5629635.367,1067179.309
glucosyl glycerate ,12836127.59,23599978.55,32570737.89,36485998.53,28913423.15,9400256.081,11013602.81,10686738.59,11505341.96,27208919.41,13224358.8,11680667.62,11930911.53,45832878.79,51010484.04,29111027.24,66910542.53,128226248.6,44622049.41,83726208.71,57992806.83,67464310.82,53268823.72,55293558.08,31772572.22,110312382.5,32808174.65
glucosyl glycerol 1,2089350.532,1593821.808,2069334.906,1837493.47,736911.375,2300657.361,1338079.969,1055032.388,327655.9757,1564849.532,1834237.244,2017753.394,3432392.475,4393506.539,3368096.664,3809593.216,1662854.809,3533276.789,1700958.523,2054988.899,1993069.815,4762329.989,1561887.753,2945301.351,932771.1085,3058091.419,1289432.566
glucosyl glycerol 2,844763.8732,1789254.131,2895899.559,2837570.712,2895528.854,1643407.823,933530.8745,954641.8636,1099861.885,1250336,2017106.094,682727.3326,1901295.76,2355327.371,2665520.435,4105921.773,1024957.704,1373313.882,1192886.813,1326510.315,1487770.971,2438467.27,929805.6503,886877.2773,428223,1589735.878,471006
glucosyl glycerol 3,1487391.962,1654976.393,3520893.992,2198914.142,1057462.599,3417430.583,1776316.652,928082.5131,2058202.414,13277495.87,2894784.301,2357068.421,7820832.347,7561739.849,2849400.867,9868106.293,661900.275,1776398.484,950589.2531,872681.2207,1504220.684,1621019.48,646900.5959,354778.6882,751888.0285,1447223.532,581829.922
glyceraldehyde,203761.2827,114352.6044,397850.8338,400816.3087,397641.9972,285692.6142,243435.7136,172113.1771,248635.4229,274426.8324,252717.7334,454300.6892,1095187.552,468668.4746,369242.4145,2246041.708,382823.5518,339594.7726,213701.6061,190567.9316,384690.6065,344276.237,223573.8724,239152.2659,114120.0724,252978.6132,193203.9231
glyceric acid,129353.9053,143556.2869,213930.1079,271421.2744,337871.4417,258831.6069,105558.9945,68552.67139,107873.2834,73483.49184,132445.0441,137597.3689,168011.4638,219408.7906,190297.4914,288015.9757,475444.3239,734462.2278,646584.6767,657657.7676,639876.9487,356103.6002,324084.0921,332236.9184,119996.2508,176825.4212,129865.8575
glycerol,21747280.7,21223606.58,39309300.97,29321750.77,22348317.26,56191791.95,17709012.29,23766540.74,20391265.96,26701072.17,61856454.14,38217263.9,66693659.29,39658516.54,53312141.39,75858453.41,59942203.75,53367788.3,28943272.03,35265095.39,38820647.93,58457499.32,37798130.61,31964450.76,19237131.87,70665691.25,37155685.67
glycine,1722542.761,5650937.908,2587313.555,9183310.335,4416708.096,5059453.23,847836.9217,761513.5067,1719609.55,894475.783,1695932.716,796271.4346,1070959.068,1533643.571,2820542.281,2547477.785,12712083.81,42588400.05,22814097.82,17633369.83,17880415.86,24882731.52,12574626.73,12496400.53,6259104.443,17205397.98,3442090.792
glycolic acid,102566.9717,79874.59812,72471.54543,168433.512,253937.4499,88600.65472,56173.29433,73792.84159,73292.38488,53141.36259,85605.31677,84924.06192,131274.4503,105461.5348,56180.23258,190548.0202,175917.5818,182861.0413,157893.2977,138695.8097,116077.3359,123436.6004,86405.38571,130674.8613,66491.21799,63517.79375,53043.04677
inositol phosphate,26302.26542,193053.0323,603907.79,526471.0495,116519.8677,540312,229003.3685,287692.8664,150941.9307,104635.6913,0,0,647731.7033,228451.7947,1203376,367547.0007,1960368.314,3329323.762,1318931.716,1527651.266,701305.4634,2571577.779,702055.1857,274561.1837,0,3696274.192,66811.32649
isomaltose,9352592.52,1073715.528,3763124.409,4811844.064,2075267.048,1524751.202,4514007.148,2923676.719,3813627.677,4228301.33,3355131.85,2469245.842,5687504.126,7814564.456,3474566.985,3179506.888,2349011.348,6038995.087,1155156.38,2857386.273,1892626.626,2458366.137,2072018.635,2540937.78,2331275.406,3893369.419,2655503.463
lactic acid,2194692.635,2759701.057,2525308.638,2136093.338,4756529.018,2305680.955,2960335.08,2683326.525,3129510.712,3399255.381,3345378.718,4473923.208,4286424.713,2506640.765,4108938.371,2680900.614,5215499.17,3320011.786,5159671.73,4252285.748,3108581.224,3470061.095,4868856.742,5242830.76,3727527.268,2929523.59,3451665.699
L-alanine,5604183,27499943.31,7043237.667,71166.78652,4190541.453,5117123.325,79665.80356,74781.08355,60137.48785,226186.5354,63937.19331,33564.84986,45226.20356,609152.1197,13413343.56,256377.99,16269891.61,65211248.81,31956070.25,31217464.1,9245487.682,19698902.78,8602529.814,7464961.88,2883565.138,34876228.56,1437817.485
L-asparagine,0,0,0,0,271421.9547,0,0,0,0,0,0,0,0,0,0,0,7443411.215,4308259.534,3824130.379,1462861.246,2020960.803,7503207.81,3265569.612,4302102.23,458707.005,2935604.502,0
leucrose,560157.7037,211664.1519,2926118.678,62804.38226,175958.7601,1462753.564,464375.3871,52103.7447,180240.2437,352519.2048,124465.362,1057896.429,962790.9858,1079151.747,1590905.631,221117.9333,439364.2733,6826.579638,1324309.962,2413265.888,365964.4123,201234.4365,268133.5385,149225.3391,1614934.181,0,1061963.307
levoglucosan,44706.07187,94046.50404,81112.92052,14797.01783,359197.1214,12511.24959,492157.8463,681401.372,536184.215,153077.2135,78425.41342,10723.09732,72207.47242,14988.20739,376873.719,15823.43288,548233.0606,829193.8233,682544.7077,72063.68827,602463.9849,62078.95358,549664.3917,652409.6416,559166.6776,0,618722.656
L-glutamic acid,559267.1303,2941617.377,2201190.627,1777591.363,2655286.794,1378149.599,46688.10786,218119.666,316359.7662,499918.1047,288976.376,111425.1917,121935.042,205528.5545,2530201.261,1454641.856,36920894.5,45767640.07,28788145.98,35554665.47,19807146.73,20131639.26,12640438.86,18724563.51,8085476.828,10927129.52,1188156.523
L-glutamine,649397.2886,1434291.889,1555799.929,2022932.184,1626341.502,1942990.296,87529.52656,901304,1159775.803,516285.7242,68988.06545,175987.9114,1023457.039,1363498.689,2545580.594,1088095.161,21362406.85,35801982.97,18598896.24,8745120.676,15894159.48,13833913.99,10402102.71,10259836.33,3193601.566,12572024.2,4008069.057
L-homoserine,116896.9224,46691.82111,28993.53834,71100.34304,83474.99022,38737.4889,32574.3926,36930.15921,39017.92907,51570.88037,34129.26002,32723.39993,26306.77577,36909.8283,53640.96559,69891.89499,91619.31862,81542.8504,56792.71558,100645.9264,23162.45013,45973.91206,69207.21568,68468.47333,28113.8033,35746.37904,43704.24121
L-isoleucine,2088221.529,5744934.695,2037853.28,2685331.794,4109093.81,4992946.843,302661.5722,472356.2126,381942.797,684269.7005,1131978.623,328741.2063,337607.5607,1005447.81,3358736.03,935191.7977,3347636.036,8342661.705,5219644.583,4436742.494,4078876.333,4602434.128,3401701.926,4166111.815,1217250.382,4983206.808,1647453.883
L-leucine,3990301.564,4444247.397,4175111.37,1703600.348,2869623.494,3924706.18,37298.38122,157269.9194,175190.3649,247513.3645,747697.5636,80198.65986,112653.9785,148081.3257,4476263.122,166503.7229,4361928.024,3931319.481,7143623.965,5556811.607,2791604.844,4406083.266,2625414.757,3696281.788,1218318.308,7828267.365,2523124.059
L-phenylalanine,1982000.989,2447253.457,1773928.268,2317344.48,3526157.595,3082150.206,0,1258372.926,0,1532435.816,1495845.833,0,0,534391.1436,2585529.646,0,3760559.794,6094090.977,3473663.306,3027646.808,3929849.919,7071893.916,3368754.33,3273050.504,1402004.006,4738022.358,1991355.698
L-proline,856393.3252,1233076.691,1335792.648,259140.4088,430929.3237,1459807.984,12630.36368,10866.97749,28801.7243,14058.53957,165260.1424,26882.25062,21776.59377,16689.09133,2275910.115,20362.29826,2373570.751,2085025.62,5950386.545,4277969.793,1301335.561,1660191.055,1626624.848,2887995.358,754964.4605,9085069.985,30200.77724
L-pyroglutamic acid,1584857.684,3017098.044,2367945.229,3682127.533,5326703.37,2428002.876,1065037.419,320497.72,1749120.154,1000133.242,831382.7824,1249619.282,1135798.216,2446922.385,4652878.261,4230203.341,38837918.46,44663314.01,22320305.21,16434255.03,16601134.31,20781043.44,10795966.74,13196169.01,3673346.874,13577027.86,3018099.024
L-serine,3124126.579,6419513.704,4687840.15,2497344.89,4101403.323,5148171.695,366603.1115,165041.6889,695658.8194,892229.9916,1643159.027,44190.84832,841643.0254,66964.18035,6244686.881,64819.29923,25525898.09,15072655.98,21168012.04,21652771.94,13549331.08,21198965.2,12770134.86,12523745.2,6023863.21,16506531.59,4609096.317
L-threonic acid,84356.04818,198966.5232,371905.7522,246948.3029,336999.7408,637481.6399,0,0,0,0,66691.3034,210372.9195,427849.3692,0,0,172706.3304,0,613562.8448,659567.2984,640923.5927,838497.5567,264118.6797,459717.6213,367186.6922,0,0,0
L-threonine,3733027.194,5573740.173,3588969.924,2211661.931,3894196.267,4797649.255,754955.911,242358.6903,1316665.137,1803002.985,1849413.857,370934.2544,1843295.885,159973.7404,6904114.347,177920.805,18563689.99,11382032.29,14405831.97,13903154.51,11963220.24,20121841.71,9298243.605,10544867.43,4654938.497,18244742.36,5415986.746
L-tyrosine,194682.6089,540781.1493,684590,536585.5461,1249124.076,387552.9032,156837,232762.1625,228143.7863,372818.9746,112913.8499,288658.446,256180,750716,1058097.877,490103.4048,2391046.31,5990466.29,2643167.053,1905018.899,2255414.991,4281970.065,1718160.216,2670957.917,772102.8951,2719638.473,862617.939
L-valine,4426991.325,7439676.779,5537493.613,2708868.033,3755751.209,6344886.959,263455.8318,1122751.871,543883.1522,1041154.327,496329.575,449202.113,73216.75755,1832625.706,7395673.848,807999.0918,6137376.06,9603406.838,11334385.01,9196880.673,5089332.153,6188492.302,5643654.071,4456938.862,2389536.625,17143618.74,2664905.905
maltose,963591.0795,220473.6817,585689.5558,0,746810.6656,1029849.413,612796.2535,902268.8803,807445.2289,632583.6383,657475.4689,924416.1316,695884.6459,424573.0574,872964.7953,307827.0934,218621.7005,0,231769.8514,470563.4397,495096.3951,183732.3815,318386.5749,174220.1009,268574.1272,0,385640.3424
maltotriitol,892988.3717,1941799.398,1236137.706,3759923.768,1785250.018,1415785.299,2262068.665,1641101.676,2696643.71,2089382.883,2590861.193,1877815.482,2924304.116,3793014.011,2303953.407,2962167.829,1019372.397,1631090.025,836284.2674,1333347.878,1076560.161,1135323.072,1832183.219,1239366.36,550807.1259,2570341.807,1175486.437
maltotriose,0,0,0,2660680.688,0,0,4176722.19,1727350.457,4944766.934,963234.0561,3052400.373,0,4061096.79,5572164.425,0,3108459.098,0,0,0,0,0,0,0,0,0,1714701.684,0
melezitose ,0,1805478.054,2166974.499,6670390.005,3580149.459,9547.379938,3745075.389,1730264.185,4173578.669,6191743.625,6981681.433,2164291.709,8574601.742,13688511.99,1106155.628,6508791.185,0,0,1792624.249,0,0,0,1285073.752,1650342.054,0,2669930.485,1755735.877
melibiose,22497247.93,16165581.31,13623667.71,16659441.52,20349246.9,7771537.584,17501801.71,12179428.62,14731499.04,13299839.29,25528581.16,13494735.44,13617876.4,17578402.52,17192374.77,22648051.76,7576591.528,10374213.05,15360337.83,5624901.003,9728484.712,13852124.15,12281879.34,10955145.86,14113678.47,11804969.26,23685755.02
methyl phosphate,13337.97542,3254343.465,768161.9625,85982.75685,762377.2948,719990.7104,378639.8806,2846274.639,3948602.963,464290.1048,834615,2843507.545,497802.6177,385542,707813.2603,299150.3821,431956.4107,1129822.261,254792.3647,69984.71793,113715.7897,487363,199957,316608.6725,2510304.447,640140.649,625912.7454
myo-inositol,14788810.04,22076024.95,28643496.15,33093456.63,34675994.52,24411107.1,11194946.23,12920507.25,10494409.14,20276635.61,21705263.43,16800947.91,28352493.55,39222451.4,26577058.28,27119585.41,24839108.26,78851360.92,25212296.07,28472455.09,32476389.23,35134296.3,23807701.7,20766435.99,11896229.62,41963413.79,15515211.79
N-acetyl-D-mannosamine,1074098.862,1638914.191,1869946.041,4604532.697,2401482.726,3695067.713,3744998.801,3272988.196,4515674.928,2834307.557,1549896.918,1112990.427,2391038.47,5472153.202,4581447.073,6272285.162,861049.9677,1850825.632,915042.4194,1636807.777,1211497.642,2141158.382,1561769.01,888027.5695,454202.2783,3739295.895,1925773.435
nicotinic acid,190295.4362,219185.4529,214571.3371,239042.6278,472813.5709,246753.152,204131.9199,23974.25794,288031.3432,104443.2206,117253.9237,186949.7557,228651.0489,338509.7187,297047.2741,342415.8753,655993.3012,419842.405,950298.0049,239555.8812,543622.3128,1544760.644,189475.1861,367622.3535,81643.05947,400143.9827,158308.8219
porphine,3157068.509,1968943.879,2223456.256,2936998.992,4025306.8,5772791.676,1854045.3,1346361.586,2647531.446,2992258.551,4833609.207,3104253.585,5795875.399,1832545.653,2244893.532,2971825.463,6548870.642,6148641.012,3021026.473,4529472.658,2524177.431,3681865.077,2385480.117,3919874.091,2358279.793,1820674.773,2768239.013
propylene glycol,3537673.278,2672307.49,25253.6405,2127658.289,3909417.151,1041136.289,416747.2789,1463140.998,4880399.546,373549.8525,509622.4308,4230354.492,6395250.696,5169825.83,470231.3204,8967062.246,6110914.839,1658864.727,2230571.981,2171104.298,471824.5322,4300106.119,445981.6958,5233409.188,578634.8858,1966875.209,1444800.023
raffinose,0,0,1070128.354,1027754.44,0,2353350.549,0,421872.4137,0,174098.2077,2071339.179,0,0,0,1150702.633,1615256.754,768820.1164,0,0,0,0,2708729.814,288797.7477,21546176.88,0,1665932.943,0
scyllo-inositol,4244011.192,3055832.055,7266778.12,376287.2636,9540298.887,8092176.987,2459381.533,3468485.939,3194273.476,6249954.171,6350149.906,3803810.165,5561245.791,9927962.43,8416856.85,6383268.025,7879480.181,11777573.07,3320041.333,4320715.227,4795877.554,12761202.51,4892915.256,4809936.024,2184418.053,11319358.79,2267087.294
sophorose,5750638.106,9370467.199,9763951.025,14405678.57,8667837.181,9120219.32,11110978.45,12493887.47,10126259.83,16480942.64,13285201.68,7346424.847,18712762.64,29298697.39,23442629.1,11578544.22,3550448.648,5733967.229,5965519.219,6990425.761,4916757.168,6620902.623,5339942.082,5092143.554,4012929.874,8202723.96,6515350.141
sucrose,232574.3174,184619.2342,344066.5742,649363.9205,1245663.529,849868.8587,251457.8682,318980.0604,296744.464,328335.0744,1008812.854,401085.568,328062.8692,229411.2989,391824.1994,590849.6005,365191.6185,936590.1123,290798.3271,723872.8589,649303.0026,671257.417,294856.3376,8960090.131,293301.0721,1295169.893,304284.5494
threose,384832,70317.70944,99257.93507,1099093,496434,768517,600934.3887,353128.5163,324511.9843,300510.5026,596325,137996.7964,252018.6662,220458.6677,423931.4765,195484.5524,305372.0901,268037,261495,85506.7457,302325,129742.3896,72929.13617,176154,422602.0807,194499.0107,267002.7391
thymine,104062.9224,46180.12128,57137.91203,126022.3907,83766.33686,48293.32503,28894.62571,45663.27767,35680.33841,54989.7741,67004.97675,27984.70637,55718.29652,40740.36107,59975.26911,54365.7352,43492.39236,90852.42973,72823.16615,67466.38393,48887.80227,61069.14427,53189.05451,54164.07454,61183.58372,44061.98911,57891.4917
trehalose,283082762.3,290582861.9,311651873.8,357243599.5,323845836.5,295876088.9,326569478.2,331829139.6,330944367.2,350591690.2,332692504.5,285767882.3,309279460.5,367340989.7,365302093.2,360856524.7,320050740.2,396962628.9,314940670.6,350815357.1,316190753.2,345412827.9,324985404.7,343316531.3,297557118.8,410295244.3,312440992.5
Tris 1 (buffer?),172817.3536,681608.7451,293404.1734,427534.5667,352757.1386,849815.2801,556493.2937,291410.3733,325371.1578,378144.4954,659468.8921,471186.678,428228.389,753659.307,365840.1537,679415.1804,760766.8822,1213606.543,354068.1027,407946.7866,768909.084,774274.2128,800834.3955,667602.9001,532759.7055,188806.2231,337503.0524
Tris 2 (buffer?),924982.1567,1773798.352,808050.9019,1445694.142,1641253.408,2620582.278,1301727.33,1084592.539,1360070.629,1351025.237,2375618.226,1275187.398,1319287.694,384561.9489,1258424.722,984066.994,1379118.03,1597668.926,2264047.596,2047364.79,2359941.046,1295074.659,2570230.627,2070613.385,2468547.532,1069774.431,1788266.051
turanose,534704.9921,2929122.229,2266880.75,6888741.247,2996619.699,1950606.506,2281671.003,1638408.742,1496637.874,3604773.008,3767811.238,563064.7152,3653860.04,7043278.743,5896129.389,6324492.654,2581199.571,6354548.4,3885746.98,4819307.756,2331781.136,4461554.42,3544269.39,3552285.6,2064545.087,7282680.407,3196003.988
uracil,554357.1571,1053260.16,800172.275,829101.1721,1480413.398,874917.9648,663892.6466,419271.8009,760742.807,790944.0091,743874.5412,469500.1255,655411.5819,60914.99826,1086547.294,76713.90455,428931.1241,275688.1347,109567.3608,703746.0847,503609.8899,317021.8498,641802.2935,194707.7762,324632.9041,996390.6848,76908.68692
urea,3335459.249,3900539.324,3538527.377,2404208.009,2364535.748,52087160,2282099.799,2748553.438,1984904.395,4675210.166,35041571.41,1854920.392,42736118.48,704135.4517,5400128.392,2384990.683,4268548,2215641,5000675.057,3136204.027,4030473.612,5285264,4789495,5106895.921,3900793.152,1571115.686,2633848.269
xylitol,290778.5561,889334.4883,1262668.786,4187705.042,1501933.961,4525193.748,884182.9901,2395661.556,419557.9328,1398552.194,979089.7618,1246456.13,1097300.592,2522241.357,1563042.753,2336078.454,11126050.77,3790475.418,1519462.115,12215357.34,1553461.155,6465243.85,4273093.042,1894552.326,690435.4355,4753614.048,770185.8247
Unknown 001,1427014.35,11620.49168,218598.4935,1662434.985,3607290.534,311978.1046,308982.8366,84465.20206,891860.5773,246946.8758,1003767.594,614981.3731,1240768.655,459860.4192,140621.2069,2035642.201,1283629.937,1747015.592,1839481.687,2039190.276,370809.0626,1252433.529,220213.5705,1505622.434,22869.99921,1263648.201,361598.7488
Unknown 002,289112.0719,510297.8499,455717.248,2041902.242,504029.5854,679964.6813,1458745.731,111277.7521,1799595.518,1185641.576,733117.7324,406227.8516,1536304.389,1172227.024,666897.9612,2798182.72,1135861.591,444386.3425,903032.8907,594794.7661,691965.4744,1175328.81,2841114.569,136425.3814,126952.8402,87915.2187,526518.7174
Unknown 003,3282113.879,270501,304508.9019,7563682.631,6446904.725,320081.8993,352456.864,126180.2924,2642611.577,331584.25,810796.2911,755120.6319,6231431.062,2881371.035,439245.7254,8814761.838,3638109.06,9848361.904,3737720.7,7008208.041,152238.8121,5286965.13,102827.5502,4006310.076,147008.5969,2840741.622,588229.858
Unknown 004,1797864,1638310.09,1030084.325,1943265,2202566,953443.8895,695955.0993,885138.5959,812301.2305,333394.8923,2180475,464942.9726,1984537,1276970.848,1599278.899,1889629,2029903.007,3803879.844,1701340.298,1637753,716012.0623,2155659.292,836819.2478,1185526,1061003.086,173510.5393,475314.2208
Unknown 005,268874.1221,4653078.117,519625.888,1591172.337,3347986.275,1909457.94,725960.8288,1037130.509,750052.8533,1156204.404,3401532.388,496968.9507,805245.3426,1510981.061,1491010.659,1364833.439,2029435.646,5954354.547,402726.2916,896718.9515,2729951.879,3668611.322,2615070.847,2185841.315,729021.0192,1089310.624,586850.9131
Unknown 006,526161.1556,350464.0928,818952.8227,601775.1763,1154917.891,768690.0136,497686.2155,265250.8616,727018.6337,505600.89,887343.3829,509181.9167,733613.0637,470667.1575,789072.6744,1093618.278,1458985.228,776967.7397,1001448.672,1772849.581,845878.9241,1757786.337,713719.6521,1359687.89,441903.2025,740320.2065,665395.635
Unknown 007,464799.6525,351796.0337,651716.7941,419063.4147,797278.4552,612067.6402,243819.3686,221596.7113,465165.3391,469168.9721,636447.1366,553773.9427,441039.1779,415361.8419,438910.1631,705767.4908,823456.4239,1194337.071,656872.6571,1279817.015,612244.2269,1051418.27,542726.9737,829455.099,424706.1608,756798.0813,414174.7583
Unknown 008,993137.8522,1007429.571,1318871.607,1864097.84,2131866.665,1177437.733,406491.4108,587794.3483,371522.9979,835051.7292,502953.2739,172915.5213,118921.381,418824.0166,900071.0373,155362.4459,147647.5983,56315.96068,280718.5692,154773.6405,332746.2955,127059.4622,121283.0828,86901.19304,184783.4788,51641.37242,121870
Unknown 009,983485.0107,1132042.391,1419777.966,1941169.984,2312533.743,1483306.142,361643.6122,671797.6787,344731.5537,944561.4937,568737.095,168479.104,289998,427731.2582,778877.197,342038.7961,412430,63614.28128,282640.1676,163449.469,328902,150085,80886.00521,104762.9476,156242.1351,909020.7885,145640.4344
Unknown 010,1916900,966535.7744,267729.1814,2781843.863,2442277.247,1238796,1271941.234,1380724.31,1203338.667,1819485.548,15295659.19,1615809.949,4823192.948,1610832.721,1129006.184,3017939.172,1310304.962,3193208.761,1201141.135,2757857.759,1417836.573,1811544.333,961349.5185,1123402.046,1381705.233,1856188.795,487184.2403
Unknown 011,720867.144,297055.2113,659174.8135,443532.6854,382531.5425,470989.8677,377972.3591,465497.537,484012.8211,583635.3504,325233.0458,382277.5224,346602.2565,578393.9458,577550.6155,480168.4086,117945.0716,51787.18499,790221.9523,559967.1606,192868.7469,84011.99248,260377.4742,178289.6887,539389.4113,737339.8911,502066.7691
Unknown 012,324758.6007,3046982.732,749708.4981,531475.1206,1568105.025,358324.6638,129143.0273,193427.8144,223591.9358,145923.2175,357150.8465,468588.7992,369390.9383,218461.4955,1151187.17,651862.9533,359247.2894,3948115.005,258787.8729,362624.5448,637934.8945,349272.3198,2357601.912,1623254.369,94474.6467,378644.4491,227240.4117
Unknown 013,132415.802,126725.2512,80785.3411,105812.0309,155859.4068,95742.79867,86995.21936,65962.97803,121943.0764,63600.28288,155924.3305,148613.4357,126737.8018,102943.9266,50532.86743,125071.4069,99246.40564,69570.95679,109484.0226,86000.26765,81054.31754,91210.58603,52012.85831,90752.29126,102916.2037,60991.63687,107778.9597
Unknown 014,110607.0693,91677.80924,114666.0902,203982.5713,138840.9554,130860.2038,261180.7409,44587.25209,172795.7471,122595.7898,168423.9462,191990.1078,249662.9073,283672.1198,154845.9912,229557.8228,150515.3873,268918.2222,130910.3849,103636.7387,191088.8137,168736.4145,139808.8972,127981.8576,70916.19815,135697.1289,113090.393
Unknown 015,27647.2713,78214.95369,34166.63404,148328.7513,301815.1122,69732.28289,146417.8817,194853.098,67123.68974,94727.33824,210173.253,302240.8211,85674.16462,24746.04626,68708.47149,144259.2965,212240.4686,114127.2438,207632.7461,102765.5945,92970.33257,131693.1785,106705.7217,171739.6629,48835.38305,146185.6083,188284.6704
Unknown 016,82482.00742,592139.7067,628111.0844,912519.8742,1295637.484,880144.8633,417943.723,0,586883.5624,124215.0066,152418.2509,519980.4079,366616.4313,128208.7417,234664.931,164140.1357,247477.4695,1153443.601,829366.6514,215405.7005,821101.2928,558583.2596,562123.2617,264153.5401,188525.6145,38453.7476,525106.7004
Unknown 017,89560,167401.0832,158188.3973,76754.70703,138123.2656,136027.2368,173252.5379,194933.5256,94061.79467,111449.0429,157866.8411,203384.1197,147442.7874,151268.7759,101754.4096,249965.3319,139281.9816,1011011,106911.6572,153854.657,173092.9018,80217.98615,249965.5992,137846.5926,87109.00719,173900.3801,148914.6841
Unknown 018,79461.2601,32616.50102,45196.20898,93671.15461,60631.96604,82693.77586,69573.51861,15382.64308,57900.0618,48438.71471,45223.34226,70432.75401,42576.11922,105973.5761,66097.32872,89768.53778,89464.02735,239145.0185,54876.18188,54718.39396,75894.43547,239770.9421,73473.06098,55111.11936,169515.7003,417379.8756,44871.88543
Unknown 019,164887.9361,350287.2587,2721997.989,3072307.137,618510.3087,1349616.796,1846399.312,1326151.916,2414153.419,3215166.851,1963954.459,1589898.093,2277987,2777988.889,2796596.253,2399478.608,7835095,12113980,11035720,7976417.16,292855.8029,5102935.054,4660855.512,8119416,161799.3491,9780168.225,192207.2866
Unknown 020,235077.7426,156208.7066,207208.4189,124967.5766,71187.42502,109552.5735,30500.80395,64457.24216,62832.62147,47183.38718,51111.36709,25417.97654,42361.36433,62850.5249,92432.56875,120417.2731,187585.7549,278262.6831,193465.5882,169112.2801,192447.3791,151372.3385,137284.7476,146464.1118,116072.7445,129280.5003,74316.50968
Unknown 021,53513.59542,123065.4133,77209.90271,102186,78033.23453,114859.6295,98572.2052,73256.17382,119656.8684,155158.2706,95799.13039,122846.3788,50793.03435,92315.56113,123318.7706,110143.3241,90431.99573,173191.7826,85994.09076,103320.905,135297.718,112771.5204,108792.7218,93716.40331,124082.1164,109480.9693,60517.21148
Unknown 022,238336.5017,501315.5276,552131.5221,451609.3138,261761.2407,422118.6306,98451.83036,156216.5374,218666.99,152889.6447,267042.491,550921.2765,1292327.493,1129631.686,462147.4359,968058.9509,215685.7855,248760.127,304119.3841,639597.1677,526570.5537,907916.087,552058.4321,429189.463,93033.17249,425603.3253,97083.58066
Unknown 023,51880.28532,171466.8275,145459.0893,141922.8343,129762.2655,185088.1283,65626.15094,16125.92674,111216.85,123794.6366,104978.9662,79248.9464,25018.47495,47862.83972,83836.52982,154137.2,241537.2103,2806430,251653.1608,203366.5972,179703.526,184234.1308,110359.0605,95976.28578,77442.47664,571296,118158.6024
Unknown 024,272809.7261,1770395.631,671187.5754,1757576.586,1764432.667,1711086.37,1130265.111,476000,1119326.037,413927.1605,553541.8098,1270288.682,1367963.981,1636145.452,385348.1294,1751372.415,1000568.011,1993050.603,985054.0953,16493692.78,1682006.502,1870317.89,834883.3212,726868.4751,4153104,166355.6282,881250.1862
Unknown 025,70222.25705,107674.3438,57781.65874,878487.9797,246293,114281.7446,206896.6417,124231.8091,359330.3132,135262.4819,123000.3282,92105.57739,141666.1005,146870.516,1440038.22,156180.034,431330.4193,1095893.035,568117.2689,1216912.207,871958.7818,462942.0428,526067.1576,497858.6997,110066.8411,1102102.209,107118.226
Unknown 026,406662.5157,365038.5229,537498.0891,352923,525808,530885.4907,203641.2149,330867.3239,307369.7473,382635.5891,268465.0008,347423.4996,266957.6309,356890.5913,497096.8453,530509.0895,372063,758127,563683,1522086,884334,747812,433703,1454732,536676,1456142,520404
Unknown 027,2861444.025,5503131.388,4965171.837,594284.3806,614493.3512,340175.2676,4778188.186,610869.4506,5337147.936,8199645.211,4587518.704,598824.9248,439202.9784,425924.9681,860837.6709,318737.8943,72804.0008,834501.948,3454298.498,4940025.657,639446.9336,465890.4616,4443109.876,4764698.826,6795701.447,5708719.261,4968464.564
Unknown 028,666383.7982,0,749793.5288,1041911.548,785206.7809,995885.976,1271123.94,643781.1329,1539072.001,1991272.228,1114429.224,968290.2862,1381563.286,1620285.929,624033.0292,1298020.826,0,0,0,650858.1437,0,0,0,0,0,0,1403374.563
Unknown 029,565416.4735,208844.3312,1025086.698,3526909.696,1228810.189,2058093.676,914637.7407,233295.3855,1223248.597,1203708.095,654280.9697,792670.6482,1098463.758,1790943.483,784660.723,1793491.816,3671544.495,2304763.471,1480422.751,1814798.154,3163623.094,5249967.791,2726949.626,1830048.044,726026.4562,3454408.789,1344681.419
Unknown 030,49905.57163,65494.69092,124933.2067,147191.9985,148549.3796,192120.3871,53241.07358,27495.91801,69476.64649,95356.91496,90312.36372,84619.1115,147191.085,176261.3179,80212.61152,176867.4269,145676.628,339861.6978,137688.9197,113415.489,156494.6789,217988.6016,144561.2811,204284.4649,108142.6533,89158.63416,63017.23803
Unknown 031,0,315304.8032,0,73448.67022,260377.0013,99295.37165,0,0,32568.46173,0,0,42217.51264,0,0,0,0,0,150455.8399,138979.8404,123736.9497,389096.2749,158184.0038,109291.4646,176744.1242,0,0,0
Unknown 032,316004.5102,950318.9969,1331472.489,947993.5109,483203.0117,730095.2421,681153.4643,307285.009,348965.4462,416417.9643,764280.6842,498559.6919,1430135.066,1635555.688,499918.9948,544428.7635,0,0,274808.4655,99511.28812,217308.4752,248173.6434,0,0,25204.56759,66065.94352,133284.2142
Unknown 033,1603269.16,1663348.772,2545820.619,3397952.377,2761752.063,3285517.737,2462751.26,1956821.985,2779477.951,2723413.825,2667278.878,2532345.28,3086066.551,4011627.03,2663585.133,3503060.562,2232701.33,4204638.041,1843423.989,1790107.476,2164908.654,2524222.424,2267484.927,1893312.521,1856121.25,2412705.318,1873492.701
Unknown 034,55482.37836,75443.45849,64216.24952,141244.7432,130308.1277,121133.2607,35370.44536,114058.6326,60147.27044,271199.3238,121777.2736,38755.30587,12088.4182,58134.95719,55623.68362,43345.19806,12261.30116,43740.85208,36062.09908,4639.324342,47783.66614,47211.24715,46103.96491,27140.10232,0,40578.51612,134632.6352
Unknown 035,0,0,111557.8106,12161.52215,276492.0561,0,0,0,0,0,0,0,0,0,98318.45864,0,7557362.436,12208936.77,4727258.759,8090338.114,2431384.35,1400946.043,1228146.485,2987122.079,1599404.466,886783.4919,103432.5508
Unknown 036,405386.598,353224.0046,275395.4681,991522.2754,1601087.468,938845.2959,82792.83815,451736.0937,239131.9296,510179.9488,561339.9222,120630.3903,46083.30446,372802.4126,689854.8214,893834.4427,18094.63848,104802.6265,166984.7467,145023.0846,105944.6835,147426.4982,189233.1889,129383.8696,0,307734.1793,160948.9954
Unknown 037,77995.57633,305306.9948,160441.7923,384765.3355,218387.8236,380135.0267,529007.4508,264342.6121,548271.268,0,171440.5481,301377.8664,395256.1023,744023.389,548117.1417,509365.5387,480982.3671,406600.505,310962.3791,224695.769,407846.685,254107.5391,356409.0107,375632.3141,236245.543,409872.933,0
Unknown 038,671149.5758,1326290.831,2081698.968,6399229.674,4027765.327,2969687.449,818138.3544,599681.7087,724073.8282,910348.7224,732088.2424,3097680.951,2682748.852,1475839.688,180489.217,1043609.601,0,1305952.617,749836.3814,894072.5595,5416822.01,0,613528.472,145686.2991,332631.4553,0,56191.53731
Unknown 039,687536.3863,1084826.099,1930248.674,1971593.771,1544080.28,2046982.182,903989.4507,899087.4483,815250.51,995681.8997,916022.3772,1618206.724,3558973.736,3253103.638,1970345.782,2049536.267,271320.6619,1806003.653,0,2786907.592,1112768.7,578769.3773,1417490.69,0,838169.2208,2519062.542,795229.9016
Unknown 040,51743.70315,76124.99932,77630.43779,94252.45584,83847.99498,72310.18426,66081.50518,33601.60203,65333.6503,80352.57441,56759.3262,55382.98722,64595.26512,88980.45785,74543.3404,84322.91833,380098.8358,664272.9681,307594.6471,426673.9985,265486.2378,231089.4678,232252.8777,277201.0243,145156.5449,247901.1832,50699.59683
Unknown 041,3392783.518,6299978.992,5521388.096,4865173.059,4381312.78,4547233.205,5656140.104,9742738.796,6334546.822,9726787.535,5405430.089,3888117.3,5661861.375,4912429.628,4861086.535,4620463.897,3079455.505,3818125.33,2011316.599,4862937.702,3463882.286,3174627.986,4285583.96,4317385.489,7848392.774,6034157.69,5659782.301
Unknown 042,12279.13243,740038.4297,877170.8971,632095.312,1415526.291,493397.0375,170065.6229,17050.08743,400583.1899,10939.73191,166248.9588,266266.8678,241386.7012,109878.8738,595986.2984,189925.6634,751386.8683,2670322.244,1848824.961,481862.1165,871791.8081,1198411.227,886568.7479,20113.84911,395154.8456,0,447071.6058
Unknown 043,1669054.157,2551282.026,2789862.679,3297714.478,2429977.701,4942404.858,3144069.765,2340287.951,2872225.313,4197164.834,2664878.091,2373326.195,3243436.906,3274383.141,2837779.892,3238615.716,3053625.858,3544355.666,2527990.699,3915722.126,3265946.926,2306278.871,2821375.544,2583993.082,2357928.293,3388885.978,4254785.633
Unknown 044,159736.4723,243606.6913,719510.9556,488458.5807,366470.256,497554.7264,222983.0958,250027.1359,238471.3467,357140.1452,1082378.706,283760.3621,860470.6093,868917.6725,149321.1683,542903.7776,273402.0215,2300769.647,471818.107,327262.2456,305355.576,584006.111,223205.6412,296229.3095,234661.9234,125954.3451,202831.9976
Unknown 045,250245.2132,313437.8915,0,557142.3873,0,0,166758.6238,202501.1776,0,307610.9919,0,183054.3503,422144.0184,519603.0391,438901.6141,423811.7093,445592.0914,1553667.013,530801.1908,436348.6913,460232.1294,778780.0672,426132.6213,526850.1883,235430.5092,847591.4199,154065.7368
Unknown 046,0,260343.0367,0,361080.6348,367917.1299,281360.1988,408816.5013,0,646080.3913,0,217664.8094,0,605379.927,459439.612,311032.9727,626556.7573,835613.3922,536935.9383,479744.4895,349704.608,331342.0088,400141.0527,188829.2969,614503.1958,0,399866.3128,0
Unknown 047,88715.94152,223855.6606,322702.7234,676764.2962,501717.3322,806684.9158,85613.17041,446736.6175,52252.5675,267736.6532,405037.0935,373509.4397,118925.867,316072.4299,334391.6017,332023.0276,1646516.982,0,411560.1839,1196907.507,348484.3609,1256524.166,475179.1548,424427.6736,259434.7523,706549.8733,389199.9839
Unknown 048,2386049.852,1001321.046,3838434.408,5875766.034,2284484.167,2851475.537,1277391.137,545908.3948,2030382.729,3537432.1,1648705.853,1584729.378,736651.376,1753590.001,2548794.399,3451889.921,17108041.5,19450779.03,5420240.846,8476702.339,8220480.186,21142722.5,8675952.142,8456231.822,3055357.587,15984577.89,3693764.297
Unknown 049,841277.7186,1497010.973,1624547.519,2732232.994,1982904.589,3115731.179,1027387.341,1711644.392,851113.9162,1639419.751,824893.1324,976298.4931,1241701.436,1459064.081,86161.91351,1443094.017,2339415.938,3831472.655,1879017.732,2402163.026,1461346.061,1972881.055,790849.74,1117048.718,80808.49249,2622282.545,81924.53922
Unknown 050,359069.9031,545034.3334,587139.4081,936316.4558,735620.8307,1368805.136,280829.0397,1052316.773,102810.5057,571174.4886,833465.1981,808304.7313,581749.2826,769742.7942,558906.3715,649695.2758,2505227.9,0,423054.7217,2145989.383,0,1844422.157,596975.6412,671353.0999,542372.0679,309482.9381,471353.1924
Unknown 051,282749.8092,30115.08562,52329.47593,239544.2937,202400.4744,70012.77854,11831.87216,57228.47203,184020.2888,40126.35638,263924.3427,235869.9615,352877.218,342258.5041,15257.12774,290496.4675,212267.2291,157278.3166,269879.8801,0,29000.25161,45574.69025,14112.12902,39558.34276,0,0,17432.40459
Unknown 052,2084770.183,926230.468,1549949.318,4448748.255,7291509.909,13457193.28,161201.6284,2922866.334,1991221.979,1009928.545,1525163.069,1392114.646,3082958.329,13580488.86,1608141.85,8312819.11,4618593.669,3507481.988,1980937.745,2667686.351,1299738.824,8946615.999,1439343.665,2565701.801,441647.7977,3615546.51,1003174.745
Unknown 053,368694.5157,525039.4892,3175927,7822639,694653.7634,8579007,603765.8054,457178.075,369694.9016,1136380.965,458157.7669,2727373,2443165,5123587,2615894.855,891917.2093,1119275.088,2129483.461,994816.2176,23077588,3345513,12200138,5031296.143,165726.4061,108167.0193,5940340.966,555589.125
Unknown 054,342309.7519,500239.2314,1142090.17,876537.0241,3521159.575,2317422.046,295720.5739,939663.8524,1091835.057,1275884.965,676256.957,465129.2474,944151.7176,1463473.645,1236441.627,562055.6191,1530910.28,3067936.835,1803508.195,2240063.056,980950.5881,1065699.871,2014036.442,1507566.227,539322.1521,586183.7936,538829.1153
Unknown 055,90042.91402,90909.70224,358567.5692,421061.1142,3727635.857,652366.0655,0,237626.8361,288644.5131,590673.8515,219611.1568,4251.864416,6568.050906,8158.656885,306165.1059,36405.32887,1961748.531,2380303.564,1810415.103,727738.9048,1449337.056,886749.9303,1205055.992,1023656.162,235789.6344,345654.4558,171479.5774
Unknown 056,24038.27722,48293.42225,47409.73376,744096.1041,2004370.869,386531.8967,16801.2782,96067.17082,94331.2869,50992.58122,179468.4108,99380.1976,26173.62289,50765.93968,39976.1299,1130419.748,1098314.629,5920017.039,527663.9757,530501.7232,398058.966,516885.5881,78384.05119,888407.6076,56947.34357,94379.13192,70991.77642
Unknown 057,1431855.393,1207868.425,4505496.714,1964688.414,689030.1376,1076228.162,664195.3502,487563.0954,651591.3657,1067417.096,947785.6446,1002730.437,2263064.206,2492605.669,2186085.035,1640024.651,3144489.754,7068408.028,2121322.233,4021877.506,1962562.748,3659920.999,2538837.089,1908411.828,784803.958,4121478.104,699478.9045
Unknown 058,81284.53469,137093.6007,552523.6212,1650273.164,370666.9585,588286.9713,0,146908.3518,95659.58819,47985.4051,65989.74469,301299.6599,433620.6532,72679.63649,57633.37947,485992.7875,259196.6459,1801584.878,635146.4281,1031389.138,1074375.25,130952.5807,194209.5903,138706.2043,0,37043.06142,37942.11939
Unknown 059,600613.3021,679601.3037,3509071.788,718760.847,528422.2102,994690.0148,1974558.145,958380.7522,1237989.222,2620418.555,753046.7359,1979890.491,4142475.497,4052715.401,2543414.501,3428890.62,275706.91,587630.3782,394763.6415,857935.0265,538948.5486,901707.7897,1669545.073,665474.0265,302593.9094,1518162.451,326347.0935
Unknown 060,2963187.72,1008436.798,14851572.63,4174072.777,1318369.623,2315772.172,2131037.787,1420185.006,1560321.142,4136177.145,1072640.724,2772192.053,6047845.207,6978029.588,5089491.456,6069500.346,891859.0491,5552073.949,707370.1634,1549077.804,1075822.668,1696095.947,1464593.424,914679.0877,426436.3833,2734895.76,514471.5048
Unknown 061,122670.2083,340762.6574,233319.2112,223609.6405,452099.6348,354324.7276,766309.9548,138421.5691,269807.8257,1017697.214,101565.2456,1512457.629,2210623.592,235057.2849,207822.5034,620618.4135,364817.0281,801622.0059,240054.4578,104663.5955,134773.2805,399894.1731,308140.5144,224117.8223,127358.6651,483894.6647,75127.64382
Unknown 062,767234.6969,669947.3809,2357073.616,258414.8225,480880.7369,598154.794,409002.7452,294114.1616,179928.0703,619352.3565,237333.5454,448701.03,794446.0008,701473.9582,1262237.479,758845.914,737178.3482,225686.1742,529918.6043,1657116.541,828770.3788,1141760.871,519647.7901,888177.4593,502400.7788,842517.2769,457188.4247
Unknown 063,332025.4582,347709,829208.8043,884361.793,777632.5698,534341.2206,446149.4576,170693.9805,373753.0866,493520.5411,177824.7378,450087.8126,1063120.014,1149516.762,479896.9305,1301789.787,135306.0968,1407693.269,142073.1979,1283676.745,1085470.292,287141.4052,315944.0144,203025.6777,57545.98886,881074.2978,111546.8186
Unknown 064,738942.9799,561820.1865,2389484.738,1367902.2,599535.415,1255950.344,722305.5475,557532.5973,428756.1822,1223518.723,714079.2542,1512103.792,2305580.095,2977678.819,601864.2856,1299974.223,467576.8912,1577906.63,158433.324,1561868.504,307584.4554,607849.3449,415883.8746,301878.537,217557.9797,663338.6463,221317.2155
Unknown 065,1187519.45,955588.6782,1113212.756,382139.8842,283151,662741,1753781.585,1347628.801,854184.3038,4391548.075,1354394.312,4275487.199,7538167.341,779232,2275677.419,769968,182674.2825,739480,175504.4359,211393.9228,133394.6144,570247.4876,618884.0813,351587.8193,386513.388,1140797.907,239638.2243
Unknown 066,1175667.415,579666.5908,5639426.479,4759711.08,4846191.495,3802906.626,1859110.946,1390353.958,2069577.447,703041.4553,640172.6913,870115.5425,1764523.918,4945659.089,5277762.961,4185132.865,1002305.291,4126997.591,687320.9583,1905773,4170727.933,1348311.359,1147512,53182994.09,453234.1986,1965639.093,1520888.598
Unknown 067,2467627.943,2505541.587,10338859.72,5658339.669,4014676.594,4581970.55,3390536.305,2835845.465,3469315.444,6015970.746,3485309.026,4602429.932,8796549.794,15464011.43,8977069.253,4420781.59,4353245.698,2889364.799,4604326.717,4914628.846,6565855.057,7156487.108,2389100.332,146173.0314,3306385.653,5408696.8,4234162.902
Unknown 068,8539941.911,8449020.465,23936573.42,10384681.13,9801259.746,9316906.985,7160758.641,6775774.892,7220118.15,13452169.56,10388451.39,15881820.28,26379680.25,31681731.23,14764864.61,11177202.19,8262378.031,5078458.284,7604827.574,10124379.58,11252686.83,14351457.01,5266910.185,8816031.819,8544288.047,10181599.55,7386264.223
Unknown 069,159841.9966,296619.2696,794112.4244,1580946.66,646397.4886,1135992.998,132317.6074,123467.1849,144754.3846,243765.2234,226174.5317,308595.2011,2229424.848,5115642.171,2706990.461,1765735.759,682729.8636,978151.0316,873705.9841,322555.1068,1265389.04,322490.341,1069399.505,205607.0889,229422.0963,1449222.953,672219.2542
Unknown 070,1299931.782,1542931.419,3093478.05,3614418.221,1996963.477,1531080.829,1726375.02,1795583.736,1286204.326,1657604.436,1291489.357,3689290.198,4694299.303,5347136.779,2879743.678,2536163.683,1086297.935,6013213.568,17300570.53,1741223.694,1302554.295,2445030.43,2122126.922,1169859.929,7928041.615,8766122.1,2364867.397
Unknown 071,3487757.746,1874952.378,6084232.321,4893569.628,3429392.421,3670979.584,2024558.406,2461975.151,2172594.746,2078625.671,3110696.76,6323317.233,3949973.134,33241428.7,58367464,3436508.434,5160950.691,103523575.2,3320299.068,47416288.27,5017780.258,7545660.554,37617832.26,10558179.88,3132241.889,87674476.43,4099599.504
Unknown 072,178913.2891,4366469.238,192667.0484,134956.7398,287153.1809,732787.1797,2718082.43,1590820.077,1089386.322,1254248.283,1588776.483,1059637.523,177205.778,3299191.917,1919363.579,385252.6195,383667.9618,479090.004,108879.969,120137.5825,945070.6372,610733.4837,135314.6901,1072805.503,355086.7593,493849.3107,150471.6398
Unknown 073,995515.36,598418.3702,1921874.019,1142097.729,1441883.464,885189.4638,679372.5736,550398.5852,1401849.687,1385880.562,1192812.45,1315980.834,1685869.285,3124258.874,1593752.559,1436407.41,631605.0203,273380.7527,689662.0056,717355.5063,899637.1729,1300994.093,475056.9053,804799.6651,578180.3798,797966.9933,754088.7315
Unknown 074,2708931.285,6037686.391,4245797.891,7674441.151,7095770.006,5427404.508,3746735.304,4707436.778,3255992.916,3634661.403,4733853.443,2861591.129,9484427.185,9645053.641,5692219.465,9034102.499,2827803.005,5503794.354,2095657.504,2530893.999,2777723.462,3259743.495,1944818.411,1525992.498,871968.8471,4286044.039,1216869.645
Unknown 075,7077607.495,4930893.916,12351511.1,17697977.86,8307021.22,12404595.46,5948142.301,7401752.707,7033753.86,6873390.778,8459480.522,20211411.17,10756999.51,16864258.48,23696501.72,10117538.19,15167919.69,36981443.04,8417787.519,16665661.6,15052017.36,22103544.55,15789920.59,17631880.05,8717092.078,38706260,12391465.63
Unknown 076,907288.1862,874834.7739,3743836.101,1621690.199,1084203.514,1041547.935,841558.227,751977.6662,794072.2583,1488222.2,1174994.179,2047878.933,3111070.51,5553973.325,3409168.652,1253841.066,1628947.152,1543357.905,1210082.56,1726241.023,1806848.696,2797974.152,639793.2456,1737171.485,1145131.15,2499681.561,1225460.054
Unknown 077,934524.6511,582524.0085,509309.8152,1015215.856,1210203,253040.8706,284284.5859,538460.2858,760580.462,530370.4428,1866731.996,2175752.065,3747430.484,833189.5777,3542682.202,1233873.633,2310651.742,1423082.923,1447364.27,2181930.45,1881087.459,9042474.867,1056045.108,2561014.757,615573.1185,5924756.447,1279251.256
Unknown 078,139971.7287,124075.6316,127419.6628,181951.4443,338061.1819,667846.4338,43492.21751,116573.1158,145159.0696,287237.2113,828128.388,331653.5073,116040.2976,737312.3541,260952.9249,224102.5939,272363.3292,244129.376,262744.2614,257247.5457,249389.5644,3408300.862,476670.6094,493857.8155,86155.95087,1843763.983,112565.3838
Unknown 079,777088.6663,269844.4341,490628.1907,187145.9176,181425.5731,182454.5306,184055.0306,245527.4051,147557.6473,161408.5821,168188.3991,1398921.904,212253.4421,326000.6214,603628.7485,247135.3942,357418.924,502195.3215,282025.0969,368425.7067,402510.493,479937.836,187101.1135,143999.7498,74936.10222,326770.5677,624788.2686
Unknown 080,1956727.717,813875.2467,1373809.409,1208836.671,566676.0288,596982.9681,503717.3145,696127.5174,347286.7376,454997.6625,781796.1131,3475518.079,790272.1818,1070482.249,1469862.169,414849.4515,470274.9314,895770.4053,265269.8625,570648.3567,170378.2403,1117365.451,170206.7816,376884.5103,1071296.559,1028604.87,1559203.965
Unknown 081,1128961.455,460612.8295,740003.3513,1048441.288,374547.6839,367423.0189,457781.9495,329878.8837,417486.1333,518246.1115,719931.8134,1938594.734,2258696.313,1635766.118,721767.2808,662690.5722,459231.8915,1135710.33,308336.0007,672542.954,694446.7665,522333.289,680170.8846,751119.437,508564.1695,618953.049,897205.3546
Unknown 082,524901.4675,341948.3134,1174999.364,1791880.729,707279.5437,1170098.925,877698.1467,694735.5567,1069920.176,990719.6302,866971.5152,1271707.157,1553833.489,2898632.16,2695517.579,1563378.451,1964310.15,6475271.99,782651.6671,2450522.883,1578373.3,3561883.549,2979541.604,1676770.085,681351.2947,3913229.245,867081.6724
Unknown 083,231022.0477,137518.6833,295058.0453,1004093.657,338005.5475,497058.5126,345011.4452,239549.6465,383334.7526,215817.5334,678646.5698,958079.2731,700244.5778,622793.3281,1271366.35,465681.4489,796452.7173,2134148.672,442309.0336,445743.6916,1375596.773,1429848.819,800061.4011,1102564.892,384722.6782,1306232.789,517097.9072
Unknown 084,253052.3837,380754.2467,445001.0435,242810,185367.4413,56836.69266,819548.5496,737991.8571,45926.70671,659743.0976,388334.5754,27382.09508,84238.59236,227699.4833,1076434.359,192810.6472,451759.4819,770505.1073,385444.7428,530583.1867,311435.9069,706586.0393,383549.4098,197309.5042,115105.9019,477690.2101,439434.8808
Unknown 085,702827.6894,1211338.983,2785926.055,2621910.063,1091135.658,1924920,827748.8796,642366.8374,833757.9945,1084033.786,1219228.095,1508693.537,6468544,4062590.079,9193069.685,2048036.993,1640850.52,1251079.543,1257286.755,1229825.585,1623506.496,1079550.852,302836.8023,596523.6333,0,1124496.051,2071189.288
Unknown 086,41764.0553,26177.95281,0,109833.1141,96130.36967,39672.17441,71383.75507,0,157095.8185,0,41269.02257,77850.36984,127150.0286,146029.2296,32620.00102,202185.7679,206573.7971,296049.796,172053.0828,221213.4399,61774.36583,122792.0285,50046.00903,177000.3688,0,247654.5835,0
Unknown 087,227254.3039,656782.0552,1479997.78,1384399.091,500523.2353,684594.1495,604809.6691,532829.8998,437848.811,878791.5816,460829.0271,379629.159,2681172.816,3053399.137,4170433.219,1466034.244,581615.996,1333260.482,413482.9567,822700.6133,790203.5002,964205.3874,590575.5721,428571.9858,353254.3119,1045075.686,365409.9165
Unknown 088,130084.5575,481660.1246,1030860.227,1148305.937,240646.3372,585741.5522,490460.0669,293335.9383,398461.4039,619547.5993,281236.3762,245840.3238,732978.3582,2613083.324,1173200.655,1317072.551,455338.03,1241795.359,338764.8533,810141.3137,524828.785,836879.381,304755.5344,166402.5346,165093.0514,954223.1946,60945.66722
Unknown 089,260914.8371,244569.4165,329201.3719,465579.4596,307106.9647,200838.4235,301383.3003,183883.5141,264873.6636,320606.2511,268864.9673,137596.3175,190791.6545,442509.383,311290.251,452297.8384,397070.6959,453367.9097,167329.9094,222832.317,270568.451,237396.6251,242691.4638,371923.7392,99939.71887,334183.4502,217993.035
Unknown 090,93003.15607,187763.8755,87926.72295,258815.2632,233269.7544,109794.0933,250236.3788,113609.065,267887.7772,221480.6818,192488.571,369765.9459,359779.7346,541388.7829,254390.0683,317096.1444,334475.0957,381678.3492,164481.0137,340733.3625,304612.8572,189736.3156,303097.0281,299112.5549,230496.5818,519831.7148,313049.1924
Unknown 091,0,79117.24023,125898.1864,899008.0567,597117.5518,504414.195,520896.0371,61361.416,909301.2014,0,98730.55808,0,1104898.621,1314413.423,96312.97611,1109078.235,1079981.127,1812354.491,966903.8513,1286707.948,859124.787,1333043.709,741757.6793,1122349.616,0,1818083.379,0
Unknown 092,21386.14847,58091.89565,107405.1938,235326.507,195591.3619,0,0,0,16822.59407,84226.47895,0,0,0,62324.45559,55800.74292,151223.0802,437484.626,769801.2685,323641.9832,241276.4257,196917.2849,344400.7074,147622.7996,354167.6198,0,729191.8364,0
Unknown 093,458208.6916,360126.1295,690547.0201,273609.5912,407183.3576,555297.9017,135992.6609,82448.20953,474029.1836,141120.9492,722442.8827,142331.4374,102354.2756,187785.222,844241.5393,705401.5882,1388316.776,28477011.08,98225.99094,1257284.154,167641.179,1751519.799,164503.1863,179899.2933,22125614.77,26045393.9,214214.258
Unknown 094,471934.4022,1038634.081,1475659.087,1472884.108,989796.7427,443831.417,448621.0335,348754.1137,675077.3764,1175492.07,907181.5563,364747.9655,520102.7522,2045327.082,1952634.209,1749778.332,2629334.345,6466399.104,1748124.812,2663394.561,2005793.792,3765589.096,2306002.121,2711152.919,1078092.824,5495935.777,1074348.47
Unknown 095,536566.646,323818.6994,1125847.058,1326142.809,1048122.299,1354967.905,688173.4872,505431.197,539479.8618,1629563.112,1266673.657,1016634.313,1925382.324,2279738.986,1346430.141,1621522.664,737070.1126,2708735.986,706559.1456,1380889.81,1008649.959,1466117.66,668568.9469,358348.8587,857686.7212,2665885.177,1047767.023
Unknown 096,388858.7884,324939.5004,1038648.177,692094.9497,623105.905,571475.793,123610.4919,53654.24,169515.9931,163756.2008,140009.6725,98001.44444,148848.7287,914689.1653,913420.521,1473781.588,2094209.6,4499393.162,1206185.184,1264391.778,1704940.162,6381794.236,1156573.26,1668010.542,282226.7161,4066327.166,350321.5166
Unknown 097,534601.8039,706633.1663,1055205.677,1313688.677,898077.5404,865301.1574,559144.0051,351929.577,403433.8416,568120.0065,741749.3172,572310.002,937948.5919,1468198.222,1166250.588,1220745.816,3371016,6906168,2218560,3487867.756,1970753.63,3812272,1298610.962,2180592,577328.1105,3841384,503326.7647
Unknown 098,275447.077,248362.3613,852212.7893,401207.5892,282044.4842,212262.8382,320372.0685,53654.24,190259.4109,342750.285,98153.50298,130501.9924,336035.9675,575144,1099400.56,352936.3302,4102987.63,8820691.382,2473760.288,4025250.4,2045495.216,4488507.573,903754.4976,1707195.588,353497.729,2191932.829,490734.8237
Unknown 099,37296.99732,76537.17676,171823.3791,322963.3582,383012.6759,90986.73183,32567.25122,27372.77959,41610.85232,47227.30166,27193.59333,46032.47429,26487.82542,54624.42524,129385.7021,44353.8699,58853.43701,197615.6032,157124.0507,229330.5757,293774.1845,63445.10231,170820.419,48597.36395,28180.46693,126675.5697,0
Unknown 100,529495.5645,890632.1022,563982.1665,431094.4489,683403.168,1457541.744,788338.5688,198826.6123,656558.1477,745579.4346,848385.1637,849578.4444,998611.3456,1004759.786,693802.7971,1017155.05,836698.8153,2047103.931,1793756.914,655242.6819,617218.1634,1127448.354,898114.4875,324812.1573,524673.276,1655122.466,631926.3973
Unknown 101,0,371001.0225,0,1293381.873,1106046.011,214774.5347,134992.5387,44391.90115,1341810.536,74698.51702,0,0,2154317.006,1649033.358,1023457.213,2134122.849,1483905.677,3059682.692,1275210.122,2925473.107,584743.3848,2446164.635,222030.3068,2148175.605,0,2370345.512,0
Unknown 102,169676.8816,366595.2841,438193.1504,588087.2652,128908.2825,648602.7636,509553.7195,188397.316,194842.8065,896321.817,383977.2931,198375.6267,475459.9914,2073344.043,642221.2202,566700.4131,845607.1421,1124735.734,111686.9398,522304.9852,692146.8154,690794.0657,1180168.874,767539.2147,520302.4481,1581017.94,596960.5978
Unknown 103,421140.027,697108.2987,1103351.087,1547564.225,613878.6456,1124731.703,1310906.563,444881.547,799068.0146,891806.3009,686302.3603,356628.2049,551207.8536,2230643.519,2574870.283,1925947.227,598167.1158,2412493.689,1128318.078,1965104.315,947326.4846,1250812.584,1652651.091,1778903.061,597041.8519,3113246.184,1068112.887
Unknown 104,321288.249,857503.8902,412290.5719,417874.8058,439722.1801,395352.5923,290716.4354,1883739.185,258576.0874,1832669.813,344097.433,958813.0728,1566925.887,555148.0148,262618.9936,537313.126,369671.7442,1980551.75,814435.0946,988464.1493,395397.3861,338520.9337,228445.0203,754902.037,615655.9993,334880.5995,380409.14
Unknown 105,3932357.125,3040021.41,4679701.182,9354307.361,7091862.405,6395019.915,9321881.522,8302850.116,8126039.34,8268555.065,5806469.099,3549860.334,6368931.629,9904983.263,8789893.064,9349335.469,3467057.748,8208601.332,3005016.229,4214802.212,4715760.34,4990674.04,2467048.839,7055913.334,2311121.845,10380275.38,4342756.27
Unknown 106,121966.0489,273334.4087,155717.6789,144874.9949,84470.72123,72522.5801,96526.40949,120892.7712,96754.49769,128172.253,117685.6442,127078.1498,84012.93611,161762.0421,326910.219,121909.0009,112996.9098,191972.3203,133376.1823,234502.1652,102955.8064,119383.5691,160547.2678,119866.6501,131614.1385,349204.6904,89320.44269
Unknown 107,2331022.433,4965648.955,3087309.021,545782.2524,1127486.03,2880970.154,577427.8919,3369529.283,653617.9065,6452430.732,446446.5697,471873.1936,589782.3481,885068.6535,2323514.758,1075235.758,6162701.792,325291.7195,2260452.829,503876.4915,1827775.478,2543530.62,3020306.06,3996707.086,3977027.949,892741.9973,2145052.976
Unknown 108,3247353,8903623.176,7151192,2253932.64,2804008.447,2583904,1965624,7141955,1015737.135,5225847,1374215.892,1527644.79,1612672.339,2901059.214,2718460.147,3055243.513,3113414.439,2103030.793,4090944,10842312,1004776.359,5038161.412,3564912,6504739.158,5104731.949,5996659.871,3888933.607
Unknown 109,1072486.614,1429940.496,1676966.944,1926646.828,10950536.16,1622431.887,1242060.263,648828.8135,856798.9319,1053610.328,779490.7806,4177471.858,732345.723,1733605.55,2265067.652,2547163.723,3921472,2407963.043,1752845.912,3185575.334,1608960.304,2176375.05,1914650.315,1712570.78,1100142.927,5340400,1148149.339
Unknown 110,1113452.224,1393375.491,1698608.224,2738370.319,2206309.085,2391994.679,2007016.278,1928720.651,1993369.874,2412059.606,2300722.462,1575857.535,2184178.463,3687178.098,3538932.111,2875993.843,1399066.57,3520039.28,1103054.813,2498015.07,1791134.35,1518686.835,1855095.678,1366953.598,889366.6396,4540636.832,1946221.942
Unknown 111,291682.4937,265198.6407,369653.036,384769.3913,372119.856,327179.468,151099.6554,248183.0603,220011.8029,452484.4585,253728.3302,210264.4438,292464.0093,370640.349,288002.092,367191.9688,327050.3247,607666.3819,448571.8154,490313.1323,444705.6141,480714.4872,303635.4581,362347.4283,193897.8782,913162.9696,371368.5512
Unknown 112,800496.0756,923373.4542,760460.4664,1209921.895,633619.8739,1054282.631,901476.6799,761920.3816,756944.0417,715785.1638,1877422.973,892520.0943,858584.1251,779405.684,991704.6751,492376.5831,423528.5543,2972964.483,234958.7602,1092444.616,749344.8264,537763.1337,425455.7871,1514324.616,596889.1438,3577794.423,681153.163
Unknown 113,4880638.26,4272176.335,577841.4857,198568039.7,1017028.827,242655.9437,1035482.185,1842314.786,173564240.6,185121848.2,7766859.449,5267557.602,170997926.9,217280832.1,200977392.2,1560878.794,166476701,137757352.2,160930250.9,164637756.1,167455038.2,214380.5831,130819.0813,161734961.4,227070.5446,184695565.6,909225.6073
Unknown 114,4735036.044,2009592.209,6489730,8193109.901,456692.2731,5883292.401,7419565.614,1792493.572,1413957.305,1680150.326,8501582.898,135143.5518,11208996,15843645.5,13611999.7,8308508.397,1167958.637,2852185.074,5752979.029,7213537.533,4362959.459,5624945.266,5720327.281,4754151.994,473802.1994,6043812.95,5489875.918
Unknown 115,2082071.154,3628004.964,2250968.148,3074116.339,2476792.869,2456572.169,2762686.582,3587565.716,559470.2221,4448880.623,1330614.763,2112562.715,2138418.955,4761978.693,10350997.46,3737678.878,377482.0826,5664259.268,2131607.742,5182219.862,1410340.874,1731058.354,3380633.268,1909470.627,1807576.556,30887004.4,1721508.883
Unknown 116,2290615.033,3215146.209,3573754.023,4926461.684,3689989.028,2827362.56,3412659.497,4444684.942,3778660.335,5703379.14,807462.3476,2762936.975,7350421.782,11163698.88,8292324.518,807637.693,1033817.163,1402620.011,1654406.828,1361156,654331,2550109.96,624358,1425660,1998699,6732733.973,2031615.511
Unknown 117,3383501.995,3724889.643,6020745.623,5409815.698,3564257.752,3840893.98,6079527.219,2698610.521,4695578.286,3686477.561,4822366.78,4373661.123,7006652.988,7660603.234,5765598.923,11336769.91,7069732.065,16196495.78,5696742.812,5024265.976,6366047.318,12065235.85,10341376.24,10615183.04,2994352.191,19875054.34,3737774.196
Unknown 118,9744045.317,8444274.39,14878956.19,20157303.45,11374741.22,19832448.08,25890312.6,18867950.96,28023889.56,19686061.08,16596023.29,23916743.36,44492263.85,27612597.59,18627479.93,67880064.19,8397630.448,17350114.87,5683921.334,9042109.021,7670159.542,12111245.9,13167194.57,15262792.84,5743475.959,33443715.88,11110957.59
Unknown 119,2551706.396,1855146.807,972195.9294,4979178.714,2822326.761,1569915,1514241.023,437130.4943,734226.16,476435.9459,1690140.54,2227994.341,1086959.064,4069130.262,1924740.876,38520893.39,895932.0326,3390528.648,2358614.909,692030.0774,633974.8287,114323.5714,1014220.644,1109697.76,1784143.612,1143855.989,2100138.714
Unknown 120,188693.1403,202579.6269,518569.3075,598320.4015,245082.4368,540470.2691,772329.638,650737.2635,691742.9585,631296.9454,307059.555,577569.6413,1332189.903,1046969.384,807908.9561,2885356.901,86858.48142,258954.6094,41472.24124,122499.3912,99994.24429,205470.5056,288150.4982,390983.4182,55437.7642,933034.0715,219311.2229
Unknown 121,0,137831.8364,185468.8227,257292.6306,95360.33202,63937.00819,124493.7512,62894.6853,95050.30404,117066.2825,160340.9328,86667.64853,109595.5191,296416.1454,143122.8433,204531.1835,191528.8495,579872.9744,276357.8216,220244.8144,430741.1542,297160.9517,282587.5641,275333.8403,93725.24688,665676.8774,99673.29918
Unknown 122,20086.79227,281785.6276,318769.9632,403678.8595,288447.1053,11760.58879,41946.45129,52610.36277,94770.96473,88300.12285,102180.6746,0,17885.97316,222522.2319,274470.0759,320648.4283,508638.821,1163292.722,373590.0377,614160.9965,487916.0385,593693.3188,315415.2437,377859.4003,220446.4033,577952.4346,39419.33622
Unknown 123,417865.8662,0,346026.6984,671653.9749,169105.5381,449092.2746,366708.7139,0,395881.9999,93926.65675,475708.1015,519725.6038,241987.6501,830172.1601,521884.9876,458605.1247,72234.9702,138861.4543,0,300017.3332,317217.0918,120481.0833,201147.2891,371608.2175,0,626004.3056,0
Unknown 124,916261.8265,1472740.399,912149.5043,895451.4498,1299460.668,261094.5731,687847.3334,838428.2224,0,1847750.198,1666206.688,681210.882,1811834.894,1619289.872,4066750.482,1114273.925,1224788.524,3112907.724,646600.4103,670160.0871,436363.8687,3641509.613,1088068.289,815696.9703,0,2253842.021,927250.6053
Unknown 125,0,0,1203241.653,1873639.601,823671.2317,606430.0612,0,0,440325.98,1864260.6,893536.4835,830469.2914,947289.643,1853467.489,2419833.162,1425685.259,1762803.125,4171628.639,801951.679,1304787.654,876652.9232,1507916.196,791150.3443,701563.0365,0,4772261.222,979462.9913
Unknown 126,0,0,1271845.774,1299606.49,0,1303671.394,1292921.031,0,1655173.052,1581327.407,1439963.823,806871.5274,2448028.94,4869432.614,1687895.41,1978384.84,905184.9905,592529.8018,1121886.044,0,1409914.511,1446556.521,0,868189.1324,0,0,0
Unknown 127,2022415.031,1503194.322,1637299.902,4297188.249,2201060.493,888349.9203,3377432.848,0,2397475.228,2291642.219,2437536.784,2427481.705,3433572.598,5200340.098,1988022.486,4673307.242,1968670.083,3697448.393,1177054.081,2561465.506,1801532.483,2621499.09,1533032.396,1582943.454,0,2471391.974,2740158.853
Unknown 128,3785072.68,3938022.665,5422195.193,11059540.05,8827973.304,7010137.171,5702779.07,2621642.177,5639288.353,7464557.048,5877415.492,5397274.969,7113077.319,9950131.705,8362187.353,11989815.89,5611451.99,12997249.9,3702821.246,6864746.449,5547676.359,8945300.097,5635003.71,6363467.542,2519351.459,8491476.201,6078050.739
